name,lat,lng
les Escaldes,42.50729,1.53414
Andorra la Vella,42.50779,1.52109
Döbling,48.25,16.33333
Wolfsberg,46.84056,14.84417
Wilten,47.25829,11.38808
Wiener Neustadt,47.80485,16.23196
Vienna,48.20849,16.37208
Wetzelsdorf,47.05293,15.39923
Wels,48.16667,14.03333
Villach,46.61028,13.85583
Traun,48.22086,14.23833
Telfs,47.30707,11.06817
Straßgang,47.03333,15.4
Stockerau,48.38333,16.21667
Steyr,48.04274,14.42127
Simmering,48.18333,16.43333
Sankt Pölten,48.20762,15.63725
Sankt Peter,47.05,15.46667
Sankt Peter,46.62978,14.34016
Sankt Martin,46.61667,14.28333
Salzburg,47.79941,13.04399
Saalfelden am Steinernen Meer,47.42681,12.848
Pradl,47.26539,11.4152
Perchtoldsdorf,48.11935,16.26607
Ottakring,48.21667,16.3
Mödling,48.08605,16.28921
Meidling,48.16667,16.33333
Lustenau,47.42642,9.65851
Linz,48.30639,14.28611
Klosterneuburg,48.30521,16.32522
Klagenfurt am Wörthersee,46.62472,14.30528
Innsbruck,47.26266,11.39454
Innere Stadt,48.20906,16.37135
Penzing,48.2,16.26667
Hötting,47.26815,11.36868
Hohenems,47.36121,9.68694
Hietzing,48.18623,16.2965
Hernals,48.22544,16.30871
Graz,47.06733,15.44197
Fünfhaus,48.19596,16.3183
Floridsdorf,48.25,16.4
Feldkirch,47.23645,9.59734
Essling,48.21289,16.52442
Eisenzicken,47.27603,16.25908
Eggenberg,47.07,15.39871
Dornbirn,47.41427,9.74195
Bregenz,47.50311,9.7471
Bludenz,47.15476,9.82255
Baden,48.00543,16.23264
Aspern,48.21806,16.48306
Ansfelden,48.20969,14.29004
Amstetten,48.1229,14.87206
Favoriten,48.16116,16.38233
Donaustadt,48.2333,16.46002
Jakomini,47.05441,15.44984
Lend,47.08256,15.41589
Geidorf,47.08393,15.444
Sankt Leonhard,47.06924,15.45784
Andritz,47.11387,15.42348
Gries,47.06236,15.42421
Währing,48.22611,16.34484
Landstraße,48.2019,16.38792
Margareten,48.1855,16.35373
Mariahilf,48.19571,16.35215
Neubau,48.20172,16.34715
Josefstadt,48.21243,16.34549
Alsergrund,48.22321,16.35506
Brigittenau,48.24275,16.37551
Zenica,44.20169,17.90397
Visoko,43.98889,18.17806
Velika Kladuša,45.18497,15.80579
Travnik,44.22637,17.66583
Prijedor,44.97991,16.71401
Mostar,43.34333,17.80806
Doboj,44.73179,18.08698
Cazin,44.96694,15.94306
Bugojno,44.05722,17.45083
Bosanska Krupa,44.8825,16.15139
Bihać,44.81694,15.87083
Banja Luka,44.77879,17.20629
Konjic,43.65126,17.96082
Zwijndrecht,51.21979,4.32664
Zwevegem,50.81268,3.33848
Zottegem,50.86955,3.81052
Zonhoven,50.99064,5.36819
Zolder,51.02455,5.30983
Zemst,50.98318,4.46079
Zele,51.06566,4.0403
Zedelgem,51.14236,3.1368
Zaventem,50.88365,4.47298
Wondelgem,51.08705,3.70909
Woluwe-Saint-Lambert,50.84389,4.42912
Wilrijk,51.16734,4.39513
Willebroek,51.06041,4.36019
Wevelgem,50.8,3.16667
Wetteren,51.00526,3.88341
Westerlo,51.09049,4.91544
Wervik,50.78069,3.03854
Wavre,50.71717,4.60138
Watermael-Boitsfort,50.80154,4.41436
Waterloo,50.71469,4.3991
Waregem,50.88898,3.42756
Walcourt,50.25401,4.43796
Visé,50.7376,5.69907
Vilvoorde,50.92814,4.42938
Verviers,50.58907,5.86241
Uccle,50.80225,4.33943
Turnhout,51.32254,4.94471
Tubize,50.69059,4.2009
Tournai,50.60715,3.38932
Torhout,51.0656,3.10085
Tongeren,50.78054,5.46484
Tienen,50.80745,4.9378
Tielt,50.99931,3.32707
Tessenderlo,51.06513,5.08856
Tervuren,50.82372,4.51418
Temse,51.12794,4.21372
Stekene,51.2099,4.03651
Stabroek,51.33189,4.37127
Soumagne,50.61385,5.74679
Soignies,50.57904,4.07129
Sint-Truiden,50.81679,5.18647
Sint-Pieters-Leeuw,50.77926,4.24355
Sint-Niklaas,51.16509,4.1437
Sint-Kruis,51.21399,3.24949
Sint-Katelijne-Waver,51.06691,4.53469
Sint-Gillis-Waas,51.21914,4.12374
Sint-Genesius-Rode,50.74645,4.35754
Sint-Andries,51.19696,3.17891
Sint-Amandsberg,51.05947,3.74943
Seraing,50.58362,5.50115
Schoten,51.25251,4.50268
Schilde,51.24107,4.58336
Schaerbeek,50.86935,4.37737
Saint-Nicolas,50.62837,5.53243
Saint-Josse-ten-Noode,50.8538,4.37282
Saint-Gilles,50.82763,4.34389
Saint-Ghislain,50.44816,3.81886
Rotselaar,50.95302,4.71665
Ronse,50.74574,3.6005
Roeselare,50.94653,3.12269
Rixensart,50.71229,4.52529
Riemst,50.80995,5.60131
Ranst,51.18983,4.56533
Quaregnon,50.44067,3.8653
Puurs,51.07409,4.28844
Putte,51.05337,4.63263
Poperinge,50.85386,2.72659
Pont-à-Celles,50.50518,4.36887
Péruwelz,50.50819,3.59373
Peer,51.1303,5.45952
Overijse,50.77436,4.53461
Oupeye,50.71184,5.6468
Oudenaarde,50.85168,3.60891
Oostkamp,51.15432,3.23128
Ostend,51.21551,2.927
Nivelles,50.59833,4.32848
Ninove,50.82776,4.02657
Nijlen,51.16096,4.67008
Neerpelt,51.22807,5.4427
Namur,50.4669,4.86746
Mouscron,50.74497,3.20639
Mortsel,51.16697,4.45127
Morlanwelz-Mariemont,50.45502,4.24519
Montignies-sur-Sambre,50.41081,4.49109
Mons,50.45413,3.95229
Molenbeek-Saint-Jean,50.8499,4.31248
Mol,51.19188,5.11662
Middelkerke,51.18532,2.82077
Merksem,51.24623,4.44903
Merelbeke,50.99447,3.74621
Menen,50.79722,3.12245
Meise,50.93934,4.32655
Mechelen-aan-de-Maas,50.96589,5.69144
Mechelen,51.02574,4.47762
Mariakerke,51.07476,3.68289
Marcinelle,50.39216,4.44388
Marchienne-au-Pont,50.40573,4.3953
Marche-en-Famenne,50.22678,5.34416
Manage,50.50312,4.23589
Maldegem,51.20737,3.44511
Maasmechelen,50.96545,5.69452
Maaseik,51.09802,5.78379
Louvain-la-Neuve,50.66829,4.61443
Lommel,51.23074,5.31349
Lokeren,51.10364,3.99339
Lochristi,51.09644,3.83194
Lille,51.24197,4.82313
Lier,51.13128,4.57041
Liège,50.63373,5.56749
Leuven,50.87959,4.70093
Lessines,50.71104,3.83579
Lede,50.96626,3.98594
Lebbeke,51.00464,4.13457
Lanaken,50.89318,5.6468
La Louvière,50.48657,4.18785
Kortrijk,50.82803,3.26487
Kortenberg,50.88982,4.54353
Kontich,51.13213,4.44706
Koksijde,51.11642,2.63772
Koersel,51.05909,5.27121
Koekelberg,50.86117,4.33136
Knokke-Heist,51.35,3.26667
Kessel-Lo,50.88549,4.73717
Kasterlee,51.24118,4.96651
Kapellen,51.31377,4.43539
Kalmthout,51.38442,4.47556
Jumet,50.4422,4.43745
Jette,50.87309,4.33419
Jambes,50.45636,4.87166
Izegem,50.91396,3.21378
Ixelles,50.83333,4.36667
Ieper,50.85114,2.88569
Huy,50.51894,5.23284
Houthalen,51.03427,5.37429
Hoogstraten,51.40029,4.76034
Hoboken,51.17611,4.34844
Heverlee,50.86426,4.69597
Heusy,50.57457,5.86618
Heusden,51.03664,5.28013
Herzele,50.88681,3.89014
Herve,50.64083,5.79353
Herstal,50.66415,5.62346
Herentals,51.17655,4.83248
Herent,50.90861,4.67056
Helchteren,51.05591,5.38244
Heist-op-den-Berg,51.07537,4.72827
Hasselt,50.93106,5.33781
Harelbeke,50.85343,3.30935
Hamme,51.09822,4.13705
Halle,50.73385,4.23454
Haaltert,50.90634,4.00093
Grivegnée,50.62148,5.61101
Grimbergen,50.93409,4.37213
Gilly,50.42449,4.4789
Geraardsbergen,50.77343,3.88223
Gentbrugge,51.03692,3.76509
Gent,51.05,3.71667
Genk,50.965,5.50082
Gembloux,50.56149,4.69889
Geel,51.16557,4.98917
Ganshoren,50.87065,4.31531
Frameries,50.40578,3.89603
Forest,50.81678,4.32775
Fleurus,50.48351,4.55006
Fléron,50.61516,5.68062
Flémalle-Haute,50.59994,5.44471
Evergem,51.11306,3.70976
Evere,50.87441,4.39905
Eupen,50.6279,6.03647
Etterbeek,50.83272,4.38835
Ekeren,51.28087,4.41813
Eeklo,51.18703,3.55654
Edegem,51.15662,4.44504
Duffel,51.09554,4.50903
Dour,50.39583,3.77792
Dilbeek,50.84799,4.25972
Diksmuide,51.03248,2.86384
Diest,50.98923,5.05062
Diepenbeek,50.90769,5.41875
Deurne,51.22134,4.46595
Destelbergen,51.05952,3.79899
Dendermonde,51.02869,4.10106
Denderleeuw,50.88506,4.07601
Deinze,50.98175,3.53096
Courcelles,50.46379,4.3747
Colfontaine,50.4141,3.85569
Chaudfontaine,50.5828,5.6341
Châtelineau,50.41499,4.52016
Châtelet,50.40338,4.52826
Charleroi,50.41136,4.44448
Brussels,50.85045,4.34878
Brugge,51.20892,3.22424
Brasschaat,51.2912,4.49182
Braine-le-Comte,50.60979,4.14658
Braine-l'Alleud,50.68363,4.36784
Boussu,50.43417,3.7944
Bornem,51.09716,4.24364
Borgerhout,51.20957,4.43539
Boom,51.09242,4.3717
Blauwput,50.88587,4.72415
Blankenberge,51.31306,3.13227
Binche,50.41155,4.16469
Bilzen,50.87325,5.5184
Beveren,51.21187,4.25633
Bevere,50.8496,3.5873
Beringen,51.04954,5.22606
Berchem-Sainte-Agathe,50.86567,4.29557
Berchem,51.19021,4.43264
Beersel,50.76589,4.3002
Beerse,51.31927,4.85304
Balen,51.16837,5.17027
Auderghem,50.81667,4.43333
Ath,50.62937,3.77801
Assebroek,51.19367,3.2623
Asse,50.91011,4.19836
Arlon,49.68333,5.81667
Antwerp,51.22047,4.40026
Ans,50.6623,5.52029
Anderlecht,50.83619,4.31454
Andenne,50.48941,5.09513
Aarschot,50.98715,4.83695
Aalter,51.09017,3.44693
Aalst,50.93604,4.0355
Zürich,47.36667,8.55
Zug,47.17242,8.51745
Yverdon-les-Bains,46.77852,6.64115
Winterthur,47.50564,8.72413
Wil,47.46152,9.04552
Wetzikon,47.3264,8.79779
Wettingen,47.46606,8.32663
Vevey,46.46299,6.84345
Vernier,46.21702,6.08497
Uster,47.34713,8.72091
Thun,46.75118,7.62166
Steffisburg,46.77807,7.63249
Solothurn,47.20791,7.53714
Sitten,46.22739,7.35559
Sierre,46.29192,7.53559
Zürich (Kreis 11) / Seebach,47.42181,8.54779
Schwyz,47.02076,8.65414
Schaffhausen,47.69732,8.63493
Sankt Gallen,47.42391,9.37477
Renens,46.53989,6.5881
Rapperswil,47.22557,8.82228
Pully,46.51027,6.66183
Opfikon,47.43169,8.57588
Onex,46.18396,6.10237
Olten,47.34999,7.90329
Zürich (Kreis 11) / Oerlikon,47.40823,8.54258
Nyon,46.38318,6.23955
Neuchâtel,46.99179,6.931
Muttenz,47.52271,7.64511
Morges,46.51127,6.49854
Montreux,46.43301,6.91143
Monthey,46.25451,6.95406
Meyrin,46.23424,6.08025
Martigny-Ville,46.10276,7.07245
Luzern,47.05048,8.30635
Lugano,46.01008,8.96004
Locarno,46.17086,8.79953
Littau,47.05,8.26274
Lausanne,46.516,6.63282
La Chaux-de-Fonds,47.09993,6.82586
Kriens,47.0311,8.28547
Kreuzlingen,47.65051,9.17504
Köniz,46.92436,7.41457
Kloten,47.45152,8.58491
Jona,47.22983,8.83884
Horgen,47.25983,8.59778
Zürich (Kreis 10) / Höngg,47.40313,8.4971
Herisau,47.38615,9.27916
Grenchen,47.1921,7.39586
Gossau,47.41551,9.25482
Geneva,46.20222,6.14569
Fribourg,46.80237,7.15128
Frauenfeld,47.55776,8.89893
Emmen,47.07819,8.27331
Einsiedeln,47.12849,8.74735
Dübendorf,47.39724,8.61872
Dietikon,47.40165,8.40015
Chur,46.84986,9.53287
Cham,47.18213,8.46358
Carouge,46.18096,6.13921
Burgdorf,47.05901,7.62786
Bulle,46.61797,7.0569
Bülach,47.52197,8.54049
Biel/Bienne,47.13713,7.24608
Bern,46.94809,7.44744
Bellinzona,46.19278,9.01703
Basel,47.55839,7.57327
Baden,47.47333,8.30592
Baar,47.19625,8.52954
Zürich (Kreis 4) / Aussersihl,47.37752,8.52127
Allschwil,47.55074,7.53599
Adliswil,47.30997,8.52462
Aarau,47.39254,8.04422
Riehen,47.57884,7.64683
Zürich (Kreis 10) / Wipkingen,47.39503,8.52529
Zürich (Kreis 11) / Affoltern,47.41814,8.5122
Zürich (Kreis 2) / Wollishofen,47.3401,8.53134
Zürich (Kreis 3) / Sihlfeld,47.37382,8.51164
Zürich (Kreis 6) / Unterstrass,47.3953,8.53721
Zürich (Kreis 9) / Albisrieden,47.37398,8.49007
Zürich (Kreis 9) / Altstetten,47.38946,8.48533
Stadt Winterthur (Kreis 1),47.49494,8.71954
Zürich (Kreis 12),47.40372,8.57608
Seen (Kreis 3),47.47646,8.76996
Zürich (Kreis 3),47.35785,8.50296
Zürich (Kreis 11),47.42326,8.52166
Zürich (Kreis 9),47.38245,8.47993
Oberwinterthur (Kreis 2),47.51692,8.76863
Zürich (Kreis 10),47.40773,8.5005
Zürich (Kreis 2),47.33756,8.5211
Zürich (Kreis 8),47.3548,8.56097
Zürich (Kreis 7),47.37328,8.58038
Zürich (Kreis 6),47.39223,8.54381
Lancy,46.18981,6.11441
Reinach,47.49702,7.59172
Dvůr Králové nad Labem,50.43172,15.81402
Znojmo,48.8555,16.0488
Zlín,49.22645,17.67065
Žižkov,50.08333,14.45
Židenice,49.19654,16.64738
Žďár nad Sázavou,49.56263,15.93924
Žatec,50.32717,13.54577
Žabovřesky,49.21395,16.57253
Záběhlice,50.0573,14.5038
Vysočany,50.10938,14.51667
Vyškov,49.27747,16.99897
Vsetín,49.33871,17.99619
Vršovice,50.06732,14.46026
Valašské Meziříčí,49.47181,17.97113
Ústí nad Orlicí,49.97387,16.39361
Ústí nad Labem,50.6607,14.03227
Uherský Brod,49.02513,17.64715
Uherské Hradiště,49.06975,17.45969
Trutnov,50.56101,15.9127
Třebíč,49.21492,15.88166
Teplice,50.6404,13.82451
Tábor,49.41441,14.6578
Svitavy,49.75594,16.46829
Šumperk,49.96528,16.97061
Střížkov,50.12674,14.49363
Strakonice,49.26141,13.90237
Stodůlky,50.05,14.31667
Staré Strašnice,50.07649,14.51037
Sokolov,50.1813,12.6401
Smíchov,50.07204,14.40415
Slaný,50.23046,14.08693
Rožnov pod Radhoštěm,49.45853,18.14302
Říčany,49.99168,14.65427
Řepy,50.07064,14.30051
Rakovník,50.1037,13.7334
Prostějov,49.47188,17.11184
Prosek,50.11525,14.50685
Příbram,49.68988,14.01043
Přerov,49.45511,17.4509
Prague,50.08804,14.42076
Poděbrady,50.14242,15.11881
Pilsen,49.74747,13.37759
Písek,49.3088,14.1475
Pelhřimov,49.43134,15.22336
Pardubice,50.04075,15.77659
Otrokovice,49.20934,17.53944
Ostrov,50.30592,12.93907
Ostrava,49.83465,18.28204
Opava,49.93866,17.90257
Olomouc,49.59552,17.25175
Nusle,50.06458,14.4399
Nový Jičín,49.59438,18.01028
Nové Město,50.07829,14.42089
Neratovice,50.25926,14.51759
Náchod,50.4167,16.16289
Most,50.50301,13.63617
Modřany,50.01116,14.4096
Mladá Boleslav,50.41135,14.90318
Michle,50.04795,14.46217
Mělník,50.3505,14.47411
Louny,50.35699,13.79667
Litvínov,50.6042,13.61812
Litoměřice,50.53348,14.1318
Líšeň,49.20711,16.69484
Liberec,50.76711,15.05619
Libeň,50.10819,14.47457
Letňany,50.13333,14.51667
Kutná Hora,49.94839,15.26816
Kroměříž,49.29785,17.39312
Krnov,50.08967,17.70385
Krč,50.0416,14.44573
Kralupy nad Vltavou,50.24107,14.31149
Královské Vinohrady,50.07438,14.44367
Královo Pole,49.22522,16.58987
Košíře,50.06708,14.36328
Kopřivnice,49.59947,18.1448
Kolín,50.02806,15.1998
Kobylisy,50.12366,14.45209
Klatovy,49.39552,13.29505
Kladno,50.14734,14.10285
Karlovy Vary,50.23271,12.87117
Kadaň,50.38333,13.26667
Jirkov,50.49979,13.44769
Jindřichův Hradec,49.14404,15.00301
Jihlava,49.3961,15.59124
Jičín,50.43723,15.35162
Jablonec nad Nisou,50.72431,15.17108
Hranice,49.54796,17.73469
Hradec Králové,50.20923,15.83277
Hostivař,50.04862,14.5244
Horní Měcholupy,50.05,14.56667
Holešovice,50.10468,14.44946
Hodonín,48.84893,17.13244
Hlubočepy,50.04364,14.40162
Havlíčkův Brod,49.6069,15.57937
Háje,50.03611,14.52672
Dejvice,50.10079,14.39071
Děčín,50.78215,14.21478
Chrudim,49.95109,15.79558
Chomutov,50.46048,13.41779
Chodov,50.03669,14.50444
Cheb,50.07963,12.37392
České Budějovice,48.97447,14.47434
Česká Třebová,49.90436,16.44413
Česká Lípa,50.68551,14.53764
Bystrc,49.22645,16.5303
Bruntál,49.98844,17.4647
Brno,49.19522,16.60796
Břeclav,48.75897,16.88203
Braník,50.03498,14.41518
Brandýs nad Labem-Stará Boleslav,50.18709,14.66326
Bohnice,50.13333,14.41667
Blansko,49.36304,16.64446
Beroun,49.96382,14.072
Benešov,49.78162,14.68697
Černý Most,50.10475,14.57974
Brno střed,49.19343,16.60712
Zwickau,50.72724,12.48839
Zweibrücken,49.24686,7.36977
Zülpich,50.69447,6.65414
Zossen,52.216,13.44909
Zittau,50.89772,14.80764
Zirndorf,49.4424,10.95414
Zerbst,51.9662,12.08517
Zeitz,51.04962,12.1369
Zehlendorf,52.43333,13.25
Xanten,51.65877,6.45297
Wurzen,51.3707,12.73939
Würzburg,49.79391,9.95121
Würselen,50.81809,6.1347
Wuppertal,51.25627,7.14816
Wunstorf,52.42377,9.43585
Wülfrath,51.28195,7.03821
Wörth am Rhein,49.04888,8.25959
Worms,49.63278,8.35916
Wolfsburg,52.42452,10.7815
Wolfratshausen,47.91289,11.42166
Wolfenbüttel,52.16442,10.54095
Wolfen,51.66122,12.26873
Witzenhausen,51.34103,9.8554
Wittstock,53.16118,12.48287
Wittmund,53.57682,7.77571
Wittlich,49.98596,6.89308
Wittenberge,53.00005,11.74944
Wittenau,52.59319,13.32127
Witten,51.44362,7.35258
Wismar,53.89218,11.45563
Wipperfürth,51.1161,7.39865
Winterhude,53.59368,10.01123
Winsen,53.35777,10.21161
Winnenden,48.87563,9.39819
Wilnsdorf,50.81667,8.1
Wilmersdorf,52.48333,13.31667
Willich,51.26371,6.54734
Wilhelmstadt,52.52379,13.18916
Wilhelmshaven,53.5476,8.10395
Wilhelmsburg,53.49283,10.01372
Wildeshausen,52.89446,8.43375
Wiesloch,49.29504,8.69846
Wiesbaden,50.08601,8.24435
Wiehl,50.9495,7.55062
Wickede,51.53365,7.61636
Wetzlar,50.56109,8.50495
Wetter,51.38747,7.39277
Westerstede,53.25682,7.92737
Westend,52.51708,13.27636
Wesseling,50.82709,6.9747
Wesel,51.6669,6.62037
Petersberg,50.56002,9.71295
Wertheim,49.759,9.50852
Wersten,51.18459,6.81249
Wernigerode,51.83652,10.78216
Werne,51.66446,7.63421
Bochum-Werne,51.48796,7.31217
Wermelskirchen,51.1397,7.21583
Werl,51.55493,7.91403
Werdohl,51.26011,7.76608
Werder,52.37874,12.934
Werdau,50.73604,12.37534
Wendlingen am Neckar,48.67124,9.37632
Wendelstein,49.3523,11.15069
Weiterstadt,49.9039,8.58874
Weißwasser,51.50403,14.64017
Weißenfels,51.20148,11.96843
Weißenburg in Bayern,49.03095,10.97221
Weinstadt-Endersbach,48.81311,9.36387
Weinheim,49.54887,8.66697
Weingarten,47.81009,9.63863
Weimar,50.9803,11.32903
Weilheim,47.84147,11.15484
Weilerswist,50.75292,6.84585
Weil der Stadt,48.74953,8.87176
Weil am Rhein,47.59331,7.62082
Weiden,49.67682,12.15613
Weißensee,52.55632,13.46649
Wegberg,51.14221,6.28436
Weener,53.16541,7.34966
Wedel,53.58374,9.69835
Wedding,52.54734,13.35594
Wattenscheid,51.48057,7.14251
Wassenberg,51.10009,6.15484
Warstein,51.44488,8.34851
Warendorf,51.95109,7.98756
Waren,53.51986,12.68128
Wardenburg,53.05938,8.19669
Warburg,51.49011,9.14641
Wangen,47.6895,9.83247
Wandlitz,52.74196,13.45799
Waltrop,51.62125,7.40238
Walsrode,52.86104,9.59277
Wallenhorst,52.35,8.01667
Waldshut-Tiengen,47.62323,8.21717
Waldkraiburg,48.20854,12.39893
Waldkirch,48.09585,7.96371
Waldbröl,50.87576,7.61688
Waiblingen,48.83241,9.31641
Waghäusel,49.24991,8.51257
Wadgassen,49.26667,6.78333
Wadern,49.54122,6.88774
Wachtberg,50.63333,7.1
Vreden,52.03792,6.828
Volksdorf,53.64972,10.18417
Völklingen,49.25162,6.85873
Voerde,51.59703,6.6863
Vlotho,52.1653,8.85996
Vilshofen,48.62695,13.19222
Villingen-Schwenningen,48.06226,8.49358
Viersen,51.25435,6.39441
Viernheim,49.54033,8.5782
Versmold,52.04009,8.15272
Verl,51.88333,8.51667
Verden,52.92334,9.23804
Velbert,51.33537,7.04348
Vegesack,53.17923,8.62228
Vechta,52.73064,8.28968
Vechelde,52.26038,10.36491
Vaterstetten,48.10537,11.76825
Varel,53.39693,8.13621
Vaihingen an der Enz,48.93563,8.96045
Uetersen,53.68878,9.66197
Uslar,51.6569,9.63501
Unterschleißheim,48.28038,11.57684
Unterhaching,48.06598,11.61564
Unterkrozingen,47.91933,7.69045
Unna,51.53795,7.68969
Ulm,48.39841,9.99155
Uerdingen,51.35478,6.63918
Uelzen,52.96449,10.56704
Überlingen,47.76977,9.17136
Übach-Palenberg,50.91775,6.12336
Tuttlingen,47.98464,8.8177
Tübingen,48.52266,9.05222
Trossingen,48.07667,8.64409
Troisdorf,50.80901,7.14968
Trier,49.75565,6.63935
Traunstein,47.86825,12.64335
Traunreut,47.96269,12.59231
Torgau,51.56016,12.99617
Tönisvorst,51.32092,6.49412
Tettnang,47.66857,9.59132
Templin,53.11865,13.5022
Tempelhof,52.46667,13.4
Teltow,52.4031,13.26014
Telgte,51.97995,7.78293
Tegel,52.57601,13.29389
Taunusstein,50.14993,8.15206
Taufkirchen,48.0486,11.61701
Syke,52.91345,8.82209
Sundern,51.3281,8.00369
Sulzbach-Rosenberg,49.50126,11.74598
Sulzbach,49.29882,7.05696
Suhl,50.60911,10.69401
Stuttgart,48.78232,9.17702
Stuhr,53.03333,8.75
Strausberg,52.57859,13.88741
Straubing,48.88126,12.57385
Stralsund,54.30911,13.0818
Straelen,51.4419,6.26639
Stolberg,50.77368,6.22595
Stockelsdorf,53.8922,10.64713
Stockach,47.85105,9.0091
Stendal,52.60578,11.86091
Stellingen,53.5922,9.9287
Steinhagen,52.0,8.4
Steinfurt,52.15045,7.33664
Steilshoop,53.61028,10.05917
Steglitz,52.45606,13.332
Staßfurt,51.85186,11.58508
Starnberg,48.00193,11.34416
Stadtlohn,51.99399,6.91918
Stadthagen,52.32333,9.20311
Stadtallendorf,50.82261,9.01294
Hansestadt Stade,53.59407,9.47302
Staaken,52.53661,13.15057
Sprockhövel,51.34669,7.24343
Springe,52.20845,9.55416
Speyer,49.32083,8.43111
Spenge,52.14021,8.48475
Sonthofen,47.51821,10.28262
Sonneberg,50.3592,11.17463
Sondershausen,51.36973,10.87011
Sömmerda,51.15914,11.11524
Soltau,52.98537,9.83983
Solingen,51.17343,7.0845
Soest,51.57558,8.10619
Sinzig,50.54384,7.24639
Sinsheim,49.2529,8.87867
Singen,47.75935,8.8403
Sindelfingen,48.7,9.01667
Sigmaringen,48.08829,9.23033
Siegen,50.87481,8.02431
Siegburg,50.80019,7.20769
Langenhorn,53.66667,10.01667
Senftenberg,51.52517,14.00164
Senden,51.85645,7.48327
Senden,48.32441,10.04442
Selm,51.69689,7.46809
Seligenstadt,50.0432,8.97394
Selb,50.17058,12.13054
Sehnde,52.31394,9.9682
Seevetal,53.4,9.96667
Seesen,51.89095,10.17847
Seelze,52.39635,9.59727
Schwetzingen,49.38217,8.5823
Schwerte,51.44387,7.5675
Schwerin,53.62937,11.41316
Schwelm,51.28635,7.29388
Schweinfurt,50.04937,10.22175
Schwedt (Oder),53.05963,14.28154
Schwarzenberg,50.53791,12.78522
Schwanewede,53.22398,8.58969
Schwandorf in Bayern,49.32534,12.1098
Schwalmtal,51.21667,6.26667
Schwalmstadt,50.93333,9.21667
Schwalbach,49.3,6.81667
Schwäbisch Hall,49.11127,9.73908
Schwäbisch Gmünd,48.79947,9.79809
Schwabach,49.33047,11.02346
Schrobenhausen,48.56067,11.26071
Schramberg,48.22399,8.38583
Schortens,53.53801,7.9477
Schorndorf,48.80537,9.52721
Schopfheim,47.65105,7.82089
Schöneberg,52.49801,13.3443
Schönebeck,52.01682,11.7307
Schneverdingen,53.1174,9.79235
Schnelsen,53.63738,9.91973
Schneeberg,50.59465,12.64139
Schmelz,49.43333,6.85
Schmargendorf,52.47517,13.29071
Schmallenberg,51.15473,8.28505
Schmalkalden,50.72136,10.44386
Schlüchtern,50.34891,9.52532
Schleswig,54.52021,9.56829
Schkeuditz,51.39678,12.22141
Schiffweiler,49.36667,7.13333
Schifferstadt,49.38417,8.3775
Scharnhorst,51.54921,7.53909
Bad Saulgau,48.01676,9.50064
Sasel,53.65385,10.11184
Sarstedt,52.23495,9.85411
Sankt Wendel,49.46633,7.16814
Sankt Ingbert,49.27697,7.11672
Sankt Augustin,50.77538,7.197
Sangerhausen,51.47221,11.29533
Hansestadt Salzwedel,52.85297,11.15287
Salzkotten,51.6717,8.60092
Salzgitter,52.15705,10.4154
Saarlouis,49.31366,6.75154
Saarbrücken,49.23262,7.00982
Saalfeld,50.64826,11.36536
Rüsselsheim am Main,49.98955,8.42251
Rummelsburg,52.50146,13.4934
Rudow,52.42407,13.48529
Rudolstadt,50.72043,11.34046
Rottweil,48.16783,8.62719
Rottenburg,48.47629,8.93528
Rotherbaum,53.56707,9.98097
Roth,49.24762,11.09111
Rotenburg,53.11032,9.4036
Rostock,54.0887,12.14049
Rösrath,50.89559,7.18175
Rosenheim,47.85637,12.12247
Ronnenberg,52.31939,9.65544
Rissen,53.58306,9.75708
Rinteln,52.18604,9.07917
Rietberg,51.80924,8.42841
Riesa,51.30777,13.29168
Riegelsberg,49.3,6.93333
Ribnitz-Damgarten,54.2422,12.45666
Rheinhausen,51.40055,6.71187
Rheinfelden,47.56013,7.78715
Rheine,52.28509,7.44055
Rheinberg,51.54649,6.59525
Rheinbach,50.62562,6.94911
Rhede,51.83537,6.69602
Rheda-Wiedenbrück,51.84967,8.30017
Reutlingen,48.49144,9.20427
Renningen,48.76974,8.93871
Rendsburg,54.30182,9.67175
Remscheid,51.17983,7.1925
Remagen,50.57879,7.22703
Reinickendorf,52.56395,13.33552
Reinheim,49.82923,8.83572
Reinbek,53.51773,10.24861
Reichenbach/Vogtland,50.62279,12.30344
Regensburg,49.01513,12.10161
Rees,51.76263,6.39778
Recklinghausen,51.61379,7.19738
Ravensburg,47.78198,9.61062
Ratingen,51.29724,6.84929
Rathenow,52.60659,12.33696
Ratekau,53.94646,10.7312
Rastede,53.24508,8.19718
Rastatt,48.85851,8.20965
Rahlstedt,53.60194,10.15667
Rahden,52.43425,8.61266
Radolfzell,47.74194,8.97098
Radevormwald,51.20219,7.36027
Radebeul,51.10654,13.66047
Radeberg,51.11112,13.91199
Quickborn,53.72821,9.91078
Querenburg,51.45218,7.26628
Quedlinburg,51.78843,11.15006
Püttlingen,49.2855,6.88723
Pulheim,50.99965,6.80632
Puchheim,48.15,11.35
Prenzlauer Berg,52.53878,13.42443
Prenzlau,53.31702,13.86397
Preetz,54.23575,10.27934
Potsdam,52.39886,13.06566
Porz am Rhein,50.88637,7.0583
Porta Westfalica,52.22961,8.91612
Poppenbüttel,53.65917,10.08472
Plettenberg,51.20949,7.87261
Plauen,50.4973,12.13782
Pirna,50.95843,13.93702
Pirmasens,49.20145,7.60529
Pinneberg,53.65887,9.79698
Pfungstadt,49.80557,8.60307
Pfullingen,48.46458,9.22796
Pforzheim,48.88436,8.69892
Pfaffenhofen an der Ilm,48.53053,11.505
Petershagen,52.37513,8.96538
Penzberg,47.75293,11.377
Peine,52.31928,10.2352
Passau,48.5665,13.43122
Pasing,48.14146,11.45599
Parchim,53.42631,11.84875
Papenburg,53.07769,7.41516
Pankow,52.56926,13.40186
Paderborn,51.71905,8.75439
Oyten,53.05498,9.01995
Overath,50.93275,7.28389
Ottobrunn bei München,48.06489,11.66327
Ottensen,53.55686,9.91835
Othmarschen,53.55173,9.88632
Osterholz-Scharmbeck,53.22659,8.7923
Osnabrück,52.27264,8.0498
Osdorf,53.57982,9.85826
Oschersleben,52.03039,11.22898
Oschatz,51.30001,13.10984
Oranienburg,52.748,13.25194
Opladen,51.06863,7.00387
Olsberg,51.35613,8.48899
Olpe,51.02899,7.85139
Oldenburg,53.14039,8.21479
Olching,48.2,11.33333
Öhringen,49.19884,9.5072
Ohligs,51.15,7.0
Offenburg,48.47377,7.94495
Offenbach,50.10061,8.76647
Oerlinghausen,51.95453,8.6622
Oer-Erkenschwick,51.64198,7.26451
Oelde,51.8289,8.14724
Odenthal,51.03333,7.11667
Ochtrup,52.20802,7.18988
Oberursel,50.20731,8.57747
Obertshausen,50.07139,8.85123
Oberschöneweide,52.46106,13.52108
Ober-Ramstadt,49.83078,8.74887
Oberkirch,48.53241,8.07864
Oberhausen,51.47805,6.8625
Oberasbach,49.42275,10.95766
Nürtingen,48.62565,9.34203
Nuremberg,49.45421,11.07752
Nümbrecht,50.90427,7.54063
Nottuln,51.93333,7.35
Northeim,51.70662,9.99997
Nördlingen,48.85122,10.48868
Nordhorn,52.43081,7.06833
Nordhausen,51.5018,10.7957
Norderstedt,53.70177,9.99328
Nordenham,53.50098,8.48965
Norden,53.59549,7.20615
Nippes,50.96545,6.95314
Niendorf,53.61769,9.95032
Nienburg,52.64437,9.21658
Niederschönhausen,52.58483,13.40272
Niederkrüchten,51.2,6.21667
Niederkassel,50.81503,7.03777
Nieder-Ingelheim,49.97756,8.07246
Nidderau,50.23805,8.86704
Nidda,50.4133,9.00638
Neu Wulmstorf,53.46625,9.79206
Neuwied,50.4336,7.47057
Neu-Ulm,48.39279,10.01112
Neustrelitz,53.36024,13.07261
Neustadt in Holstein,54.10707,10.8145
Neustadt an der Weinstraße,49.35009,8.13886
Neustadt am Rübenberge,52.50462,9.45871
Neue Neustadt,52.15,11.63333
Neuss,51.19807,6.68504
Neusäß,48.39249,10.83333
Neuruppin,52.92815,12.80311
Neunkirchen,49.34449,7.18045
Neumünster,54.07399,9.98456
Neumarkt in der Oberpfalz,49.28028,11.46278
Neukölln,52.47719,13.43126
Neu-Isenburg,50.04832,8.69406
Neugraben-Fischbek,53.46579,9.84344
Neufahrn bei Freising,48.31588,11.66316
Neuenhagen,52.52985,13.68914
Neuburg an der Donau,48.73218,11.18709
Neubrück,51.13434,6.63857
Neubrandenburg,53.55735,13.26105
Neu-Anspach,50.31667,8.5
Nettetal,51.31667,6.28333
Netphen,50.91667,8.1
Neheim,51.45047,7.97026
Neckarsulm,49.18912,9.22527
Naumburg,51.14987,11.80979
Nauen,52.60701,12.87374
Nagold,48.5498,8.72366
Munster,52.98538,10.08993
Münster,51.96236,7.62571
Hannoversch Münden,51.41505,9.65046
Munich,48.13743,11.57549
Müllheim,47.8082,7.63035
Mülheim,51.43218,6.87967
Mühlheim am Main,50.11667,8.83333
Stuttgart Mühlhausen,48.84232,9.23028
Mühlhausen,51.20896,10.45275
Mühldorf,48.2467,12.52155
Mühlacker,48.94754,8.83675
Much,50.90383,7.40306
Mössingen,48.40567,9.05419
Mosbach,49.35357,9.15106
Moosburg,48.47089,11.93811
Monheim am Rhein,51.09162,6.89217
Mönchengladbach,51.18539,6.44172
Mölln,53.62072,10.68748
Moers,51.45342,6.6326
Moabit,52.52635,13.33903
Mittweida,50.98622,12.97537
Misburg,52.39006,9.85199
Minden,52.28953,8.91455
Michelstadt,49.67569,9.00373
Metzingen,48.53695,9.2833
Mettmann,51.2504,6.97536
Meschede,51.3502,8.28332
Merzig,49.44331,6.63874
Merseburg,51.35478,11.98923
Meppen,52.69064,7.29097
Menden,51.44337,7.77825
Memmingen,47.98372,10.18527
Melle,52.20197,8.33826
Meissen,51.16158,13.4737
Meiningen,50.56787,10.41521
Meinerzhagen,51.1074,7.64838
Meiderich,51.46667,6.76667
Meerbusch,51.25268,6.68807
Meerane,50.84688,12.46473
Meckenheim,50.62388,7.02942
Mechernich,50.59304,6.65224
Mayen,50.32797,7.22277
Marzahn,52.54525,13.56983
Marsberg,51.46171,8.84949
Marl,51.65671,7.09038
Marktredwitz,50.00443,12.08593
Marktoberdorf,47.77964,10.61713
Markkleeberg,51.2755,12.36906
Märkisches Viertel,52.59841,13.35766
Marienfelde,52.41868,13.36723
Mariendorf,52.4378,13.38109
Marienberg,50.65051,13.16122
Marburg an der Lahn,50.80904,8.77069
Marbach am Neckar,48.93964,9.25995
Mannheim,49.4891,8.46694
Mainz,49.98185,8.28008
Maintal,50.15,8.83333
Mahlsdorf,52.50935,13.61373
Magdeburg,52.13129,11.63189
Lütgendortmund,51.49885,7.34806
Lusan,50.84372,12.06517
Lurup,53.59266,9.87697
Lünen,51.61634,7.52872
Lüneburg,53.25122,10.41548
Ludwigshafen am Rhein,49.48121,8.44641
Ludwigsfelde,52.30322,13.25405
Ludwigsburg,48.89731,9.19161
Lüdinghausen,51.7683,7.44379
Lüdenscheid,51.21977,7.6273
Luckenwalde,52.09029,13.16772
Lübeck,53.86893,10.68729
Lubnjow,51.86217,13.95168
Lübbecke,52.30699,8.61423
Loxstedt,53.47095,8.64584
Losheim,49.5099,6.74549
Loschwitz,51.05386,13.81393
Lörrach,47.61497,7.66457
Lohr am Main,49.98922,9.57223
Lohne,52.66561,8.23826
Löhne,52.18848,8.6922
Lohmar,50.83868,7.21399
Löbtau,51.04358,13.69444
Löbau,51.09954,14.66738
Lippstadt,51.67369,8.34482
Lingen,52.52269,7.32555
Lindlar,51.01959,7.37758
Linden-Nord,52.37204,9.70676
Linden,52.36449,9.71157
Lindau,47.54612,9.68431
Limburg an der Lahn,50.3836,8.0503
Limbach-Oberfrohna,50.85882,12.76165
Lilienthal,53.14193,8.90338
Lichterfelde,52.4333,13.30762
Lichtenrade,52.39844,13.40637
Lichtenfels,50.14567,11.05928
Lichtenberg,52.51395,13.49975
Leverkusen,51.0303,6.98432
Leutkirch,47.82672,10.0205
Leuben,51.01122,13.82029
Leopoldshöhe,52.01246,8.69834
Leonberg,48.8,9.01667
Lennestadt,51.11721,8.06707
Lengerich,52.18661,7.86043
Lemgo,52.02786,8.89901
Leipzig,51.33962,12.37129
Leinfelden-Echterdingen,48.69406,9.16809
Leimen,49.34737,8.68733
Leichlingen,51.10628,7.01873
Lehrte,52.37193,9.97919
Leer,53.23157,7.461
Lebach,49.41122,6.90988
Laupheim,48.22786,9.87874
Lauf an der Pegnitz,49.51386,11.28247
Lauchhammer,51.48813,13.76623
Lankwitz,52.43623,13.3459
Langenhagen,52.44758,9.73741
Langenfeld,51.10821,6.94831
Langendreer,51.46023,7.32584
Langen,53.60554,8.59509
Langen,49.98955,8.66852
Landshut,48.52961,12.16179
Landsberg am Lech,48.04819,10.88282
Landau in der Pfalz,49.19844,8.11692
Lampertheim,49.59786,8.4725
Lahr,48.34042,7.86886
Lahnstein,50.3,7.61667
Lage,51.99223,8.79301
Laatzen,52.31506,9.79739
Bad Laasphe,50.93139,8.42502
Kürten,51.05,7.26667
Künzelsau,49.2818,9.68352
Künzell,50.5442,9.71792
Kulmbach,50.10068,11.45032
Kronberg,50.181,8.513
Kronach,50.23963,11.33308
Kreuztal,50.96775,7.98848
Kreuzberg,52.49973,13.40338
Krefeld,51.33645,6.55381
Köthen,51.75185,11.97093
Korschenbroich,51.19139,6.51352
Kornwestheim,48.86158,9.18569
Korntal,48.83218,9.1214
Korbach,51.27561,8.873
Köpenick,52.4455,13.57455
Berlin Köpenick,52.44254,13.58228
Konz,49.70045,6.57652
Konstanz,47.66033,9.17582
Königs Wusterhausen,52.30141,13.633
Königswinter,50.67734,7.19245
Königstein im Taunus,50.17943,8.47132
Königslutter am Elm,52.25116,10.81683
Königsbrunn,48.27506,10.89178
Köln,50.93333,6.95
Kolbermoor,47.84965,12.06696
Koblenz,50.35357,7.57883
Klotzsche,51.11053,13.76862
Klingenstein,48.41849,9.90812
Kleve,51.78826,6.13865
Kleinmachnow,52.40786,13.22514
Kladow,52.45423,13.14445
Kitzingen,49.73973,10.15072
Kirchlengern,52.2,8.63333
Kirchheim unter Teck,48.64683,9.45378
Kirchhain,50.8272,8.92806
Kierspe,51.13403,7.59075
Kiel,54.32133,10.13489
Kevelaer,51.58243,6.24603
Kerpen,50.86991,6.69691
Kempten (Allgäu),47.72674,10.31389
Kempen,51.36432,6.41858
Kelkheim,50.13703,8.4502
Kelheim,48.91725,11.88618
Kehl,48.57297,7.81523
Kaulsdorf,52.51732,13.58871
Kaufbeuren,47.88238,10.62192
Kassel,51.31667,9.5
Karow,52.60904,13.48117
Karlstadt,49.96034,9.77239
Karlsruhe,49.00937,8.40444
Karlshorst,52.48419,13.53185
Karlsfeld,48.22697,11.47573
Karben,50.23019,8.77155
Kapellen,51.57132,6.36729
Kamp-Lintfort,51.50467,6.54587
Kamenz,51.26798,14.09374
Kamen,51.59231,7.6638
Kaltenkirchen,53.83244,9.96042
Kaiserslautern,49.443,7.77161
Kaarst,51.22929,6.61883
Jülich,50.92149,6.36267
Jüchen,51.1,6.5
Johannisthal,52.44653,13.5066
Jena,50.92878,11.5899
Itzehoe,53.92099,9.51529
Isernhagen Farster Bauerschaft,52.47093,9.84179
Iserlohn,51.37547,7.70281
Ingolstadt,48.76508,11.42372
Ingelheim am Rhein,49.97078,8.05883
Ilmenau,50.68322,10.91858
Illingen,49.37362,7.04758
Illertissen,48.22336,10.10347
Idstein,50.21773,8.26679
Idar-Oberstein,49.71443,7.30776
Ibbenbueren,52.27964,7.71457
Husum,54.4858,9.05239
Hürth,50.87079,6.86761
Hünfeld,50.67966,9.76727
Hummelsbüttel,53.64773,10.04149
Humboldtkolonie,50.93182,6.99469
Hude,53.10662,8.46784
Hückeswagen,51.14979,7.34471
Hückelhoven,51.0555,6.22658
Huckarde,51.53213,7.41508
Hoyerswerda,51.43787,14.23549
Höxter,51.77501,9.38155
Hövelhof,51.81667,8.65
Hörstel,52.29763,7.58382
Horn,53.55406,10.08989
Hörde,51.48371,7.5003
Horb am Neckar,48.44423,8.6913
Homburg,49.32637,7.33867
Holzwickede,51.5,7.63333
Holzminden,51.82798,9.4455
Holzkirchen,47.87663,11.70181
Hohenstein-Ernstthal,50.80064,12.71287
Hohen Neuendorf,52.67737,13.27887
Hofheim am Taunus,50.09019,8.4493
Hofgeismar,51.49607,9.385
Hof,50.31297,11.91261
Hockenheim,49.32334,8.55194
Hochheim am Main,50.01436,8.35218
Hochfeld,51.41943,6.75462
Hille,52.33333,8.75
Hildesheim,52.15077,9.95112
Hilden,51.16818,6.93093
Hilchenbach,50.99687,8.11062
Hiddenhausen,52.16667,8.61667
Heusweiler,49.33632,6.93036
Heusenstamm,50.05553,8.80076
Hettstedt,51.6503,11.51146
Hessisch Oldendorf,52.17269,9.24913
Herzogenrath,50.86874,6.09317
Herzogenaurach,49.56798,10.88565
Herten,51.59638,7.14387
Herrenberg,48.59523,8.86648
Herne,51.5388,7.22572
Hermsdorf,52.61421,13.30587
Herford,52.11457,8.67343
Herdecke,51.39999,7.43584
Herborn,50.68135,8.30369
Heppenheim an der Bergstrasse,49.64145,8.63206
Hennigsdorf,52.63598,13.20419
Hennef (Sieg),50.77555,7.28308
Hemmingen,52.31425,9.72359
Hemer,51.38707,7.77019
Helmstedt,52.2279,11.00985
Hellersdorf,52.53319,13.6088
Heinsberg,51.06358,6.0998
Heilbad Heiligenstadt,51.37819,10.13744
Heiligensee,52.61449,13.24501
Heiligenhaus,51.32662,6.97106
Heilbronn,49.13995,9.22054
Heidenheim an der Brenz,48.67798,10.15162
Heidenau,50.97221,13.86741
Heidelberg,49.40768,8.69079
Heide,54.19562,9.09742
Hechingen,48.35149,8.96317
Hausbruch,53.47424,9.88289
Hattingen,51.39894,7.18557
Hattersheim,50.06906,8.48632
Haßloch,49.36278,8.25806
Haselhorst,52.54409,13.23743
Harvestehude,53.57825,9.98893
Harsewinkel,51.96224,8.22766
Harpen,51.49822,7.28831
Haren,52.79315,7.24135
Harburg,53.46057,9.98388
Hannover,52.37052,9.73322
Hanau am Main,50.13423,8.91418
Hamminkeln,51.73262,6.59031
Hamm,53.55487,10.05742
Hamm,51.68033,7.82089
Hameln,52.10397,9.35623
Wandsbek,53.58334,10.08305
Marienthal,53.56667,10.08333
Hamburg-Mitte,53.55,10.01667
Eimsbüttel,53.57416,9.95679
Altona,53.55,9.93333
Hamburg,53.55073,9.99302
Halver,51.18612,7.49817
Haltern am See,51.74297,7.18163
Halstenbek,53.63301,9.83945
Halle,52.06007,8.36083
Halle (Saale),51.48158,11.97947
Haldensleben I,52.28906,11.40982
Halberstadt,51.89562,11.05622
Hakenfelde,52.55877,13.20831
Haiger,50.74162,8.20778
Hagen,51.36081,7.47168
Haar,48.10881,11.72653
Haan,51.19382,7.0133
Gütersloh,51.90693,8.37853
Güstrow,53.7972,12.17337
Gunzenhausen,49.11663,10.75971
Günzburg,48.45599,10.27695
Gummersbach,51.02608,7.56473
Guben,51.94993,14.7055
Groß-Umstadt,49.86899,8.9321
Großostheim,49.91985,9.07596
Groß-Gerau,49.92139,8.48255
Großenhain,51.28951,13.5335
Gronau,52.21099,7.02238
Gröbenzell,48.2,11.36667
Grimma,51.23367,12.71959
Griesheim,49.86085,8.5725
Grevenbroich,51.09102,6.5827
Greven,52.09364,7.59396
Greiz,50.65778,12.19918
Universitäts- und Hansestadt Greifswald,54.08905,13.40244
Grefrath,51.3363,6.34072
Göttingen,51.53443,9.93228
Gotha,50.94823,10.70193
Goslar,51.90425,10.42766
Görlitz,51.15518,14.98853
Gorbitz,51.0455,13.66108
Göppingen,48.70354,9.65209
Gonsenheim,50.0017,8.19653
Gohlis,51.366,12.367
Goch,51.67873,6.15895
Glinde,53.54046,10.21301
Glauchau,50.81987,12.54493
Gladbeck,51.57077,6.98593
Ginsheim-Gustavsburg,49.9711,8.34532
Gilching,48.10755,11.2936
Gifhorn,52.47774,10.5511
Gießen,50.58727,8.67554
Giengen an der Brenz,48.62219,10.24312
Gevelsberg,51.31971,7.3392
Gesundbrunnen,52.55035,13.39139
Geseke,51.64091,8.5109
Gescher,51.954,7.00481
Gersthofen,48.42432,10.87273
Germersheim,49.2144,8.36687
Germering,48.13392,11.3765
Gerlingen,48.79954,9.06316
Geretsried,47.85775,11.48054
Gera,50.88029,12.08187
Georgsmarienhütte,52.20296,8.0448
Gelsenkirchen,51.50508,7.09654
Gelnhausen,50.20164,9.18742
Geldern,51.51908,6.32363
Geislingen an der Steige,48.62423,9.82736
Geilenkirchen,50.96745,6.11763
Geesthacht,53.4366,10.37339
Gauting,48.06919,11.37703
Garmisch-Partenkirchen,47.49209,11.09576
Garching,48.24896,11.65101
Garbsen,52.41371,9.5899
Ganderkesee,53.03616,8.54514
Gaggenau,48.8,8.33333
Füssen,47.57143,10.70171
Fürth,49.47593,10.98856
Fürstenwalde,52.36067,14.06185
Fürstenfeldbruck,48.17904,11.2547
Fulda,50.55162,9.67518
Fröndenberg,51.47563,7.76946
Frohnau,52.63336,13.29024
Friesoythe,53.02048,7.85879
Friedrichshain,52.51559,13.45482
Friedrichshagen,52.45052,13.62463
Friedrichshafen,47.65689,9.47554
Friedrichsfelde,52.50575,13.50812
Friedrichsdorf,50.24962,8.64281
Friedenau,52.47133,13.32813
Friedberg,50.33739,8.75591
Friedberg,48.35693,10.98461
Freudenstadt,48.46695,8.41371
Freudenberg,50.89741,7.87415
Freital,51.00166,13.6488
Freising,48.40351,11.74876
Freilassing,47.84085,12.98114
Freiburg,47.9959,7.85222
Freiberg am Neckar,48.93196,9.2024
Freiberg,50.91089,13.33881
Frechen,50.91485,6.8118
Frankfurt am Main,50.11552,8.68417
Frankfurt (Oder),52.34714,14.55062
Frankenthal,49.53414,8.35357
Frankenberg,51.0589,8.80077
Forst,51.73544,14.63971
Forchheim,49.71754,11.05877
Flörsheim,50.01311,8.42779
Flensburg,54.78805,9.43722
Fischeln,51.30353,6.58836
Finsterwalde,51.63388,13.70662
Stuttgart Feuerbach,48.80867,9.15719
Fellbach,48.80912,9.27697
Falkensee,52.56014,13.0927
Eving,51.55177,7.48087
Eutin,54.13503,10.61148
Euskirchen,50.66057,6.78722
Ettlingen,48.94094,8.40763
Esslingen,48.73961,9.30473
Essen,51.45657,7.01228
Espelkamp,52.38141,8.62303
Eschweiler,50.81854,6.27184
Eschwege,51.18386,10.05329
Eschborn,50.14328,8.57111
Erwitte,51.6127,8.3384
Erlangen,49.59099,11.00783
Erkrath,51.22235,6.90831
Erkelenz,51.07947,6.31531
Erfurt,50.97734,11.03536
Erftstadt,50.81481,6.79387
Erding,48.30603,11.90686
Eppingen,49.13645,8.91229
Eppendorf,53.5924,9.98752
Eppelborn,49.4,6.96667
Ennigerloh,51.83843,8.03093
Ennepetal,51.29848,7.3629
Enger,52.14063,8.55772
Engelskirchen,50.98854,7.41391
Emsdetten,52.1734,7.52781
Emmerich,51.83933,6.24792
Emmendingen,48.12096,7.85359
Emden,53.36592,7.20846
Eltville,50.02858,8.11754
Elsdorf,50.93739,6.56828
Elmshorn,53.74912,9.66176
Elmschenhagen,54.28949,10.1899
Ellwangen,48.96164,10.13173
Eitorf,50.76667,7.45
Eißendorf,53.45222,9.95138
Eislingen,48.69515,9.70676
Eisenhüttenstadt,52.15,14.65
Eisenach,50.9807,10.31522
Einbeck,51.82018,9.86961
Eilenburg,51.45984,12.63338
Eilbek,53.56776,10.04718
Ehingen,48.28259,9.72749
Eggenstein-Leopoldshafen,49.09006,8.39879
Edewecht,53.12814,7.98424
Eckernförde,54.46854,9.83824
Eberswalde,52.83492,13.81951
Ebersbach an der Fils,48.716,9.5236
Eberbach,49.4668,8.99016
Düsseldorf,51.22319,6.77927
Düren,50.80434,6.49299
Dülmen,51.83149,7.28075
Duisburg,51.43247,6.76516
Duderstadt,51.51312,10.25951
Dresden,51.05089,13.73832
Drensteinfurt,51.79535,7.73815
Dreieich,50.01997,8.69611
Dotzheim,50.07438,8.19503
Dortmund,51.51494,7.466
Dorstfeld,51.50135,7.41085
Dorsten,51.66166,6.96514
Dormagen,51.09683,6.83167
Donauwörth,48.71804,10.7793
Donaueschingen,47.95514,8.49707
Döbeln,51.1221,13.11027
Ditzingen,48.82672,9.06703
Dinslaken,51.56227,6.7434
Dingolfing,48.64244,12.49283
Dillingen an der Donau,48.58153,10.49527
Dillingen,49.35557,6.72781
Dillenburg,50.74114,8.28699
Dietzenbach,50.00976,8.77783
Diepholz,52.60695,8.37027
Dieburg,49.89738,8.84613
Deutz,50.93463,6.97495
Detmold,51.93855,8.87318
Dessau,51.83864,12.24555
Delmenhorst,53.0511,8.63091
Delitzsch,51.52546,12.34284
Delbrück,51.76503,8.56223
Deggendorf,48.84085,12.96068
Datteln,51.65598,7.3453
Darmstadt,49.87167,8.65027
Damme,52.52148,8.19766
Dahlem,52.4581,13.28702
Dachau,48.26,11.43402
Cuxhaven,53.86828,8.69902
Crimmitschau,50.81644,12.39045
Crailsheim,49.13444,10.07193
Cottbus,51.75769,14.32888
Coswig,51.13204,13.58312
Coesfeld,51.94349,7.16809
Coburg,50.25937,10.96384
Cloppenburg,52.84755,8.04745
Clausthal-Zellerfeld,51.80949,10.33821
Chemnitz,50.8357,12.92922
Charlottenburg,52.51667,13.28333
Cham,49.22565,12.65501
Celle,52.62264,10.08047
Castrop-Rauxel,51.55657,7.31155
Calw,48.71419,8.74031
Buxtehude,53.46994,9.68968
Butzbach,50.43395,8.67122
Bürstadt,49.64266,8.45936
Burscheid,51.08468,7.11393
Burghausen,48.16925,12.83139
Burgdorf,52.44628,10.0064
Burg bei Magdeburg,52.27152,11.85493
Büren,51.55109,8.55956
Bünde,52.19837,8.58644
Bühl,48.69676,8.13523
Buer,51.5774,7.0518
Büdingen,50.29013,9.1114
Buckow,52.42162,13.43613
Bückeburg,52.26065,9.04939
Buchholz in der Nordheide,53.33038,9.86596
Französisch Buchholz,52.60242,13.43019
Buchen in Odenwald,49.52416,9.32293
Brühl,50.82928,6.90499
Brüggen,51.24053,6.18376
Bruckmühl,47.87859,11.91098
Bruchsal,49.12426,8.59804
Bruchköbel,50.17853,8.92315
Britz,52.44293,13.43388
Brilon,51.39462,8.57146
Bretten,49.03685,8.70745
Bremervörde,53.48513,9.14644
Bremerhaven,53.55357,8.57553
Bremen,53.07582,8.80717
Braunschweig,52.26594,10.52673
Brandenburg an der Havel,52.41667,12.55
Bramsche,52.40839,7.98327
Brakel,51.7175,9.18596
Brake (Unterweser),53.33333,8.48333
Brackenheim,49.07787,9.06601
Brackel,51.52573,7.54438
Bottrop,51.52392,6.9285
Bothfeld,52.41732,9.79612
Bornheim,50.76313,6.99089
Borna,51.12416,12.49639
Borken,51.84382,6.85774
Boppard,50.23085,7.58992
Bonn,50.73438,7.09549
Bönen,51.6,7.76667
Bogenhausen,48.15221,11.61585
Bockum,51.34696,6.61589
Bochum,51.48165,7.21648
Bocholt,51.83879,6.61531
Böblingen,48.68212,9.01171
Bobingen,48.27091,10.8339
Blomberg,51.94331,9.09067
Blieskastel,49.23724,7.25617
Blasewitz,51.05305,13.79831
Blankenburg,51.79025,10.95509
Bitterfeld-Wolfen,51.62355,12.32395
Bingen am Rhein,49.96675,7.8992
Billstedt,53.55,10.13333
Bietigheim-Bissingen,48.94407,9.11755
Biesdorf,52.50906,13.5534
Bielefeld,52.03333,8.53333
Biebrich,50.0415,8.24878
Biberach an der Riß,48.09345,9.79053
Bexbach,49.34615,7.25527
Beverungen,51.66801,9.37417
Bernburg,51.79464,11.7401
Bernau bei Berlin,52.67982,13.58708
Berlin,52.52437,13.41053
Bergneustadt,51.02496,7.65599
Bergkamen,51.61633,7.64451
Bergisch Gladbach,50.9856,7.13298
Bergheim,50.95572,6.63986
Bensheim,49.68369,8.61839
Bendorf,50.42289,7.57924
Bemerode,52.35,9.83333
Bedburg,50.99258,6.57128
Beckum,51.75571,8.04075
Beckingen,49.4,6.7
Bayreuth,49.94782,11.57893
Bautzen,51.18035,14.43494
Baunatal,51.25182,9.40747
Baumschulenweg,52.46583,13.48523
Bassum,52.85059,8.72791
Bamberg,49.89873,10.90067
Balingen,48.27525,8.85464
Baiersbronn,48.50318,8.37699
Baesweiler,50.90964,6.18874
Bad Zwischenahn,53.18475,8.00286
Bad Wildungen,51.11963,9.12475
Bad Waldsee,47.92027,9.7549
Bad Vilbel,50.17866,8.73756
Bad Tölz,47.76111,11.5589
Bad Soden am Taunus,50.1408,8.50449
Bad Segeberg,53.93775,10.30745
Bad Schwartau,53.91887,10.69691
Bad Salzungen,50.81342,10.2361
Bad Salzuflen,52.0862,8.74434
Bad Säckingen,47.55371,7.94612
Bad Reichenhall,47.72947,12.87819
Bad Rappenau,49.23848,9.1018
Bad Pyrmont,51.98589,9.25246
Bad Oldesloe,53.81167,10.37417
Bad Oeynhausen,52.20699,8.80365
Bad Neustadt an der Saale,50.32174,10.20673
Bad Neuenahr-Ahrweiler,50.54322,7.1113
Bad Nauheim,50.36463,8.73859
Bad Münder am Deister,52.19551,9.46421
Bad Mergentheim,49.4925,9.77361
Bad Lippspringe,51.78333,8.81683
Bad Langensalza,51.10771,10.646
Bad Kreuznach,49.8414,7.86713
Bad Kissingen,50.20228,10.07784
Bad Honnef,50.64336,7.2278
Bad Homburg vor der Höhe,50.22683,8.61816
Bad Hersfeld,50.87197,9.70891
Bad Harzburg,51.88268,10.56157
Bad Essen,52.31667,8.33333
Baden-Baden,48.7606,8.23975
Bad Dürkheim,49.4618,8.17236
Bad Driburg,51.73297,9.01969
Bad Berleburg,51.05224,8.39227
Bad Bentheim,52.30066,7.15763
Bad Aibling,47.8638,12.01055
Backnang,48.94743,9.43718
Babenhausen,49.96519,8.95129
Aurich,53.46963,7.48239
Augsburg,48.37154,10.89851
Auerbach,50.51155,12.40083
Aue,50.59034,12.70657
Attendorn,51.12645,7.90333
Aschersleben,51.75742,11.46084
Ascheberg,51.78333,7.61667
Aschaffenburg,49.97704,9.15214
Bad Arolsen,51.37982,9.01445
Arnstadt,50.84048,10.95198
Arnsberg,51.38333,8.08333
Arheilgen,49.9128,8.65695
Apolda,51.02624,11.51638
Aplerbeck,51.48333,7.55
Ansbach,49.30481,10.5931
Annaberg-Buchholz,50.57953,13.00627
Angermünde,53.01499,13.99924
Andernach,50.43109,7.40425
Amberg,49.44287,11.86267
Alzey,49.74657,8.11513
Alzenau in Unterfranken,50.0888,9.06455
Altglienicke,52.41116,13.5355
Altenburg,50.98763,12.43684
Altena,51.29472,7.67337
Altdorf bei Nürnberg,49.3856,11.3573
Alsterdorf,53.61083,10.01306
Alsfeld,50.75185,9.27082
Alsdorf,50.87673,6.16399
Alfter,50.73333,7.01667
Alfeld,51.98382,9.81989
Albstadt,48.21644,9.02596
Aichach,48.45755,11.13413
Ahrensburg,53.67661,10.23705
Ahlen,51.76338,7.8887
Ahaus,52.07936,7.01344
Adlershof,52.43548,13.54825
Achim,53.01416,9.0263
Achern,48.63115,8.07607
Aalen,48.83777,10.0933
Neukirchen-Vluyn,51.44665,6.55194
Vellmar,51.35806,9.47974
Aachen,50.77664,6.08342
Mörfelden-Walldorf,49.99472,8.58361
Riedstadt,49.83411,8.49621
Lauda-Königshofen,49.56526,9.70816
Filderstadt,48.65698,9.22049
Ostfildern,48.72704,9.24954
Rodgau,50.02627,8.88588
Gropiusstadt,52.42686,13.46053
Seeheim-Jugenheim,49.765,8.65194
Bonn Hardtberg,50.704,7.054
Charlottenburg-Nord,52.53048,13.29371
Mitte,52.52003,13.40489
Rheinstetten,48.9685,8.30704
Südstadt,52.35967,9.7508
Altstadt Sud,50.93331,6.95954
Altstadt Nord,50.93893,6.95752
Neuehrenfeld,50.95753,6.93611
Bilderstöckchen,50.96983,6.92997
Stuttgart-Ost,48.78363,9.21032
St. Pauli,53.557,9.964
Gallus,50.10038,8.6295
Eidelstedt,53.60697,9.90538
Eisleben Lutherstadt,51.52754,11.54835
Halle-Neustadt,51.47924,11.91605
Bergedorf,53.48462,10.22904
Spandau,52.5511,13.19921
Treptow,52.49376,13.44469
Niederrad,50.08309,8.62852
Wittenberg,51.8661,12.64973
Äußere Neustadt,51.06859,13.75591
Barmbek-Nord,53.6052,10.03988
Barmbek-Süd,53.58007,10.04067
Farmsen-Berne,53.60639,10.11972
Zeulenroda-Triebes,50.65033,11.98377
Falkenhagener Feld,52.55191,13.16802
Neu-Hohenschönhausen,52.56681,13.51255
Alt-Hohenschönhausen,52.54608,13.5013
Fennpfuhl,52.52921,13.47267
Hamburg-Nord,53.58935,9.984
Neustadt/Nord,50.949,6.9479
Neustadt/Süd,50.92509,6.94762
Kalk,50.94013,7.00605
Rodenkirchen,50.89328,6.99481
Mülheim,50.96639,7.00384
Gartenstadt,49.45937,8.40377
Kröpeliner-Tor-Vorstadt,54.08849,12.11539
Düsseldorf-Pempelfort,51.23812,6.78678
Burglesum,53.16532,8.68873
Nordstadt,52.38561,9.71586
Eselsberg,48.40978,9.95138
Altona-Altstadt,53.55018,9.94653
Altona-Nord,53.56321,9.94257
Dulsberg,53.58383,10.06445
Hoheluft-Ost,53.58399,9.97585
Misburg-Nord,52.39681,9.86027
Sachsenheim,48.96,9.06472
Petershausen-West,47.67411,9.17787
Kronberg Tal,50.17929,8.5037
Remseck am Neckar,48.87213,9.27334
Blankenfelde-Mahlow,52.33645,13.41316
Vordingborg,55.00801,11.91057
Viby,56.12259,10.15145
Viborg,56.45319,9.40201
Vejle,55.70927,9.5357
Vanløse,55.68361,12.48713
Vallensbæk,55.62199,12.38511
Valby,55.66613,12.51388
Tønder,54.93306,8.86674
Tilst,56.19376,10.11283
Taastrup,55.65006,12.3016
Svendborg,55.05982,10.60677
Stenløse,55.76828,12.19723
Sønderborg,54.90896,9.78917
Solrød Strand,55.53285,12.22227
Slagelse,55.40276,11.35459
Skive,56.56699,9.02707
Silkeborg,56.1697,9.54508
Roskilde,55.64152,12.08035
Rødovre,55.68062,12.45373
Ringsted,55.4426,11.79011
Randers,56.4607,10.03639
Odense,55.39594,10.38831
Nykøbing Falster,54.76906,11.87425
Nyborg,55.31274,10.78964
Næstved,55.22992,11.76092
Nørresundby,57.05877,9.92284
Middelfart,55.50591,9.73054
Lillerød,55.87496,12.34579
Køge,55.45802,12.18214
Copenhagen,55.67594,12.56553
Kolding,55.4904,9.47216
Klinteby Frihed,55.19705,11.59603
Kalundborg,55.67954,11.08864
Ishøj,55.61543,12.35182
Hvidovre,55.64297,12.47708
Horsens,55.86066,9.85034
Hørsholm,55.88098,12.50111
Holstebro,56.36009,8.61607
Holbæk,55.7175,11.71279
Hjørring,57.46417,9.98229
Hillerød,55.92791,12.30081
Herning,56.13615,8.97662
Helsingør,56.03606,12.6136
Hedensted,55.77043,9.7011
Haderslev,55.24943,9.48771
Greve,55.58333,12.3
Glostrup,55.6666,12.40377
Frederikssund,55.83956,12.06896
Frederikshavn,57.44073,10.53661
Frederiksberg,55.67938,12.53463
Fredericia,55.56568,9.75257
Farum,55.80858,12.36066
Esbjerg,55.47028,8.45187
Charlottenlund,55.75238,12.5745
Brøndbyvester,55.6455,12.41008
Birkerød,55.84759,12.42791
Ballerup,55.73165,12.36328
Avedøre,55.62722,12.45644
Århus,56.15674,10.21076
Allerød,55.87035,12.35737
Aalborg,57.048,9.9187
Albertslund,55.65691,12.36381
Aabenraa,55.04434,9.41741
Indre By,55.67772,12.57302
Zarautz,43.28444,-2.16992
Zaragoza,41.65606,-0.87734
Zamora,41.50633,-5.74456
Viveiro,43.66228,-7.59344
Gasteiz / Vitoria,42.84998,-2.67268
Vinaròs,40.47033,0.47559
Villaviciosa de Odón,40.3581,-3.9043
Villaverde,40.35,-3.7
Villaquilambre,42.64685,-5.55835
Vilanova i la Geltrú,41.22392,1.72511
Villanueva del Pardillo,40.49014,-3.96383
Villanueva de la Cañada,40.44689,-4.00428
Vilagarcía de Arousa,42.59631,-8.76426
Vilafranca del Penedès,41.34618,1.69713
Vila-seca,41.11118,1.14764
Vilaseca,42.06174,2.25528
Viladecans,41.31405,2.01427
Vigo,42.23282,-8.72264
Vic,41.93012,2.25486
Vicálvaro,40.4,-3.6
El Vendrell,41.21667,1.53333
Valls,41.28612,1.24993
Vallecas,40.38333,-3.61667
Valladolid,41.65541,-4.72353
Rivas-Vaciamadrid,40.32605,-3.51089
Utebo,41.70826,-0.99916
Tui,42.04713,-8.64435
Tudela,42.06166,-1.60452
Tortosa,40.81249,0.5216
Torrelodones,40.57654,-3.92658
Torrelavega,43.34943,-4.04785
Torrejón de Ardoz,40.45535,-3.46973
Torredembarra,41.14505,1.39861
Tordera,41.69914,2.71888
Tolosa,43.13484,-2.07801
Tetuán de las Victorias,40.45975,-3.6975
Teruel,40.3456,-1.10646
Teo,42.795,-8.548
Tàrrega,41.64704,1.13957
Terrassa,41.56667,2.01667
Tarragona,41.11905,1.24544
Soria,41.76401,-2.46883
Sitges,41.23506,1.81193
Sestao,43.30975,-3.00716
Segovia,40.94808,-4.11839
Cerdanyola del Vallès,41.49109,2.14079
Sant Vicenç dels Horts,41.39317,2.00689
Barakaldo,43.29639,-2.98813
Santurtzi,43.32842,-3.03248
Sants,41.37426,2.13826
Sant Just Desvern,41.38389,2.06758
Santiago de Compostela,42.88052,-8.54569
Santa Perpètua de Mogoda,41.53333,2.18333
Santander,43.46589,-3.80493
Barberà del Vallès,41.5159,2.12457
Santa Uxía de Ribeira,42.55352,-8.99094
Santa Coloma de Gramenet,41.45152,2.2081
San Sebastián de los Reyes,40.55555,-3.62733
Donostia / San Sebastián,43.31283,-1.97499
Sant Quirze del Vallès,41.53333,2.08333
Sant Pere de Ribes,41.26045,1.77391
San Lorenzo de El Escorial,40.59144,-4.14738
Vilassar de Mar,41.50507,2.39227
Sant Joan Despí,41.36718,2.0574
Sanxenxo,42.39996,-8.80698
San Fernando de Henares,40.42386,-3.53261
Sant Feliu de Llobregat,41.38333,2.05
Sant Feliu de Guíxols,41.78333,3.03333
Sant Cugat del Vallès,41.47063,2.08611
Sant Celoni,41.68921,2.48965
Sant Carles de la Ràpita,40.61667,0.6
Sant Boi de Llobregat,41.34357,2.03659
Sant Andreu,41.43541,2.18982
San Andrés del Rabanedo,42.61174,-5.61671
Sant Andreu de la Barca,41.44659,1.97187
Sant Adrià de Besòs,41.43073,2.21855
Sama,43.29568,-5.68416
Salt,41.97489,2.79281
Salou,41.07663,1.14163
Salamanca,40.96882,-5.66388
Sabadell,41.54329,2.10942
Rubí,41.49226,2.03305
Roses,42.26199,3.17689
Ripollet,41.49686,2.15739
Ribeira,42.73809,-8.44106
Reus,41.15612,1.10687
Errenteria,43.31195,-1.90234
Redondela,42.28337,-8.6096
Puente de Vallecas,40.39354,-3.662
Ponteareas,42.17476,-8.50398
Premià de Mar,41.49206,2.36524
Pozuelo de Alarcón,40.43293,-3.81338
Poio,42.44775,-8.68594
Portugalete,43.32099,-3.02064
Porriño,42.16156,-8.6198
Pontevedra,42.431,-8.64435
Ponferrada,42.54664,-6.59619
Pineda de Mar,41.62763,2.6889
Piera,41.52232,1.75076
Peña Grande,40.47456,-3.72236
Valdebernardo,40.40072,-3.62133
Parets del Vallès,41.57481,2.23306
Pamplona,42.81687,-1.64323
Palencia,42.00955,-4.52406
Palamós,41.84843,3.12912
Palafrugell,41.91738,3.1631
Oviedo,43.36029,-5.84476
Oria,43.25541,-2.01873
Ourense,42.33669,-7.86407
Olot,42.18096,2.49012
Olesa de Montserrat,41.54372,1.89407
Oleiros,43.33333,-8.31667
Nigrán,42.14153,-8.80656
Narón,43.50175,-8.19082
Mungia,43.35461,-2.84524
Móstoles,40.32234,-3.86496
Moratalaz,40.40742,-3.64935
Monzón,41.91084,0.19406
Montornès del Vallès,41.54206,2.26748
Monforte de Lemos,42.52165,-7.51422
Arrasate / Mondragón,43.06441,-2.48977
Montcada i Reixac,41.48333,2.18333
Mollet del Vallès,41.54026,2.21306
Molins de Rei,41.41667,2.01667
Moaña,42.27807,-8.73921
Miranda de Ebro,42.6865,-2.94695
Mieres,43.25,-5.76667
Mejorada del Campo,40.39283,-3.48194
Medina del Campo,41.31239,-4.91413
Mataró,41.54211,2.4445
El Masnou,41.47978,2.3188
Martorell,41.47402,1.93062
Marín,42.39145,-8.70136
Manresa,41.72815,1.82399
Manlleu,42.00228,2.28476
Malgrat de Mar,41.64662,2.74135
Majadahonda,40.47353,-3.87182
Madrid,40.4165,-3.70256
Lugo,43.00992,-7.55602
Logroño,42.46615,-2.45115
Lloret de Mar,41.69993,2.84565
Laudio / Llodio,43.14322,-2.96204
Lleida,41.61674,0.62218
León,42.60003,-5.57032
Leioa,43.32686,-2.98884
Leganés,40.32718,-3.7635
Las Rozas de Madrid,40.49292,-3.87371
Lasarte,43.26774,-2.02169
La Sagrera,41.42271,2.18589
"Sant Pere, Santa Caterina i La Ribera",41.3845,2.18152
Prosperidad,40.44427,-3.66926
La Pineda,41.07699,1.17891
Lalín,42.66085,-8.11285
Laguna de Duero,41.58151,-4.72332
La Felguera,43.3075,-5.69092
A Estrada,42.68911,-8.48842
A Coruña,43.37135,-8.396
Alameda de Osuna,40.45178,-3.58667
Irun,43.33904,-1.78938
Igualada,41.58098,1.6172
Huesca,42.13615,-0.4087
L'Hospitalet de Llobregat,41.35967,2.10028
Hortaleza,40.47444,-3.6411
Horta,41.43628,2.15725
Hernani,43.26615,-1.97615
Gernika-Lumo,43.31667,-2.68333
Getxo,43.35689,-3.01146
Guadalajara,40.62862,-3.16185
Granollers,41.60797,2.28773
Gràcia,41.40237,2.15641
Gijón,43.53573,-5.66152
Girona,41.98311,2.82493
Gavà,41.30605,2.00123
Gamonal,42.35664,-3.67321
Galdakao,43.23073,-2.8429
Galapagar,40.5783,-4.00426
Hondarribia,43.36859,-1.79622
Fuencarral,40.5,-3.68333
Figueres,42.26645,2.96163
Esplugues de Llobregat,41.37732,2.08809
Esparreguera,41.53809,1.87025
Ermua,43.18725,-2.50261
Erandio,43.30438,-2.97352
Entrevías,40.37846,-3.6739
El Prat de Llobregat,41.32784,2.09472
El Goloso,40.55342,-3.69968
Ferrol,43.48451,-8.23293
El Escorial,40.58254,-4.12846
Campamento,40.38644,-3.79818
El Astillero,43.40094,-3.82051
el Raval,41.38042,2.1686
Ejea de los Caballeros,42.12632,-1.13716
Eibar,43.18493,-2.47158
Durango,43.17124,-2.6338
Culleredo,43.28788,-8.38858
Coslada,40.42378,-3.56129
Cornellà de Llobregat,41.35,2.08333
Colmenar Viejo,40.65909,-3.76762
Collado-Villalba,40.63506,-4.00486
el Clot,41.40986,2.19053
Ciudad Lineal,40.44505,-3.65132
Chamartín,40.46206,-3.6766
Castro-Urdiales,43.38285,-3.22043
Castelldefels,41.27794,1.97033
Castellar del Vallès,41.61667,2.08333
Cardedeu,41.63976,2.35739
Carballo,43.213,-8.69104
Canovelles,41.61667,2.28333
Canillejas,40.44838,-3.60849
Canillas,40.46396,-3.63625
Cangas do Morrazo,42.26413,-8.78463
Cambrils,41.06997,1.05949
Cambre,43.29438,-8.34736
Camargo,43.40744,-3.88498
Calella,41.61381,2.65423
Caldes de Montbui,41.63333,2.16667
Calatayud,41.35353,-1.64318
Calahorra,42.30506,-1.96521
Calafell,41.19997,1.5683
Burlata,42.82562,-1.61671
Burgos,42.34106,-3.70184
Boiro,42.64725,-8.88459
Boadilla del Monte,40.405,-3.87835
Blanes,41.67419,2.79036
Bilbao,43.26271,-2.92528
Bermeo,43.42088,-2.72152
Berga,42.10429,1.84628
Benicarló,40.4165,0.42709
Benavente,42.00249,-5.67826
Béjar,40.38641,-5.76341
la Barceloneta,41.3799,2.18971
Barcelona,41.38879,2.15899
Barbastro,42.03565,0.12686
Barañáin,42.80567,-1.67731
Barajas de Madrid,40.47366,-3.57777
Banyoles,42.11667,2.76667
Balaguer,41.79117,0.81094
Badalona,41.45004,2.24741
Azuqueca de Henares,40.56566,-3.26753
Avilés,43.55473,-5.92483
Ávila,40.65724,-4.69951
Arteixo,43.30482,-8.50749
Arenys de Mar,41.5819,2.54936
Aravaca,40.45772,-3.78282
Aranda de Duero,41.67041,-3.6892
Amposta,40.70995,0.57856
Amorebieta,43.21667,-2.73333
Algorta,43.34927,-3.0094
Algete,40.59711,-3.49743
Alcorcón,40.34582,-3.82487
Alcobendas,40.54746,-3.64197
Alcañiz,41.05,-0.13333
Alcalá de Henares,40.48205,-3.35996
Nou Barris,41.44163,2.17727
Pinar de Chamartín,40.47903,-3.66836
Moncloa-Aravaca,40.43547,-3.7317
Eixample,41.38896,2.16179
Les Corts,41.38712,2.13007
Sarrià-Sant Gervasi,41.40104,2.1394
Horta-Guinardó,41.41849,2.1677
Sants-Montjuïc,41.37263,2.1546
Sant Martí,41.41814,2.19933
Ciutat Vella,41.38022,2.17319
Arganzuela,40.40021,-3.69618
San Blas-Canillejas,40.43893,-3.61537
Latina,40.38897,-3.74569
Usera,40.38866,-3.70035
Salamanca,40.42972,-3.67975
Chamberí,40.43404,-3.70379
Carabanchel,40.39094,-3.7242
Madrid Centro,40.41831,-3.70275
Retiro,40.41317,-3.68307
Barri Gòtic,41.38364,2.17628
Lavapiés,40.40804,-3.70131
Cuatro Caminos,40.44682,-3.70347
El Viso,40.44626,-3.68411
Poble Sec,41.37452,2.16326
Hostafrancs,41.37694,2.14306
La Bordeta,41.37397,2.14377
La Bonanova,41.40585,2.13243
Las Tres Torres,41.39989,2.12931
el Poblenou,41.40392,2.20413
El Carmel,41.41758,2.15914
Delicias,41.64928,-0.90757
Almozara,41.66124,-0.90169
Montecanal,41.62965,-0.93873
Oliver-Valdefierro,41.64454,-0.93349
Santutxu,43.25347,-2.9161
Fort Pienc,41.39458,2.17946
Dreta de l'Eixample,41.39606,2.16688
Vallcarca,41.41209,2.14394
Sagrada Família,41.40408,2.17332
Sant Martí de Provençals,41.4202,2.19632
Pasaia,43.3253,-1.92707
Basauri,43.2397,-2.8858
Llefià,41.43806,2.2195
Corvera de Asturias,43.53554,-5.88893
Tres Cantos,40.60092,-3.70806
Iturrama,42.80847,-1.65825
Ermitagaña,42.81084,-1.66409
Primer Ensanche,42.81483,-1.64898
Segundo Ensanche,42.8139,-1.64295
Fuencarral-El Pardo,40.4984,-3.7314
Villa de Vallecas,40.36695,-3.60146
Natahoyo,43.54035,-5.68233
Sarrià,41.40269,2.1162
l'Antiga Esquerra de l'Eixample,41.38939,2.15517
el Baix Guinardó,41.41175,2.16784
la Prosperitat,41.44269,2.182
el Putxet i el Farró,41.40693,2.14392
Provenals del Poblenou,41.41109,2.2026
Sant Antoni,41.37857,2.15937
la Vila de Gràcia,41.40315,2.15687
la Nova Esquerra de l'Eixample,41.38309,2.149
Porta,41.4349,2.17883
Sants - Badal,41.37471,2.12775
la Maternitat i Sant Ramon,41.38125,2.11744
Sant Gervasi - Galvany,41.3975,2.14301
el Camp d'en Grassot i Gràcia Nova,41.40634,2.16503
la Marina de Port,41.36,2.13986
Vilapicina i la Torre Llobeta,41.42861,2.1741
el Camp de l'Arpa del Clot,41.41204,2.18247
Navas,41.41803,2.18596
la Guineueta,41.43884,2.16893
les Roquetes,41.44809,2.17519
la Verneda i la Pau,41.42399,2.20304
el Turó de la Peira,41.43232,2.16895
el Besòs i el Maresme,41.41309,2.21736
el Guinardó,41.41885,2.17364
Barri de Sant Andreu,41.43693,2.19022
Barri de les Corts,41.38697,2.13472
Almendrales,40.38368,-3.69931
Justicia,40.42366,-3.69666
Casco Histórico de Vallecas,40.34852,-3.61621
Castellana,40.43355,-3.68429
Casco Histórico de Vicálvaro,40.39241,-3.57015
Apostol Santiago,40.4764,-3.65942
Niño Jesús,40.41161,-3.67343
Lista,40.43202,-3.67583
Embajadores,40.40924,-3.70246
Valdezarza,40.46525,-3.7173
Nueva España,40.46276,-3.67813
Chopera,40.39476,-3.69907
Ibiza,40.41888,-3.67434
Puerta del Angel,40.40969,-3.73181
Recoletos,40.4246,-3.68582
Gaztambide,40.43498,-3.71461
Goya,40.42505,-3.67442
Fuente del Berro,40.42478,-3.66379
Arapiles,40.4344,-3.70803
Imperial,40.40619,-3.71836
Acacias,40.40107,-3.70726
Palacio,40.41542,-3.71407
Universidad,40.42567,-3.70707
Legazpi,40.38884,-3.68715
Delicias,40.39673,-3.68996
Palos de Moguer,40.40351,-3.69468
Pacífico,40.40435,-3.67873
Adelfas,40.40112,-3.67097
Estrella,40.41409,-3.66553
Guindalera,40.43633,-3.66658
Ciudad Jardín,40.4483,-3.673
Hispanoamérica,40.45537,-3.67711
Berruguete,40.45962,-3.70496
Castilla,40.47431,-3.67972
Bellas Vistas,40.45245,-3.70763
Castillejos,40.46041,-3.69413
Almenara,40.47066,-3.69431
Valdeacederas,40.46702,-3.70416
Trafalgar,40.43285,-3.70113
Almagro,40.43285,-3.69354
Rios Rosas,40.44239,-3.69773
Vallehermoso,40.44289,-3.71124
Costillares,40.47665,-3.66852
Argüelles,40.42821,-3.71785
Pilar,40.47714,-3.70959
Lucero,40.40229,-3.75035
Vista Alegre,40.38432,-3.74575
Comillas,40.3935,-3.71196
Opañel,40.39023,-3.72178
La Paz,40.48116,-3.69659
Pueblo Nuevo,40.42629,-3.63546
Concepción,40.43932,-3.64928
Valverde,40.50024,-3.67877
Las Águilas,40.3818,-3.77109
Puerta Bonita,40.37966,-3.73909
Cármenes,40.40149,-3.73593
Aluche,40.39191,-3.75669
San Isidro,40.3966,-3.72833
Mirasierra,40.49631,-3.71957
Ciudad Universitaria,40.45595,-3.73839
Numancia,40.3995,-3.65853
Buenavista,40.36709,-3.74608
Abrantes,40.37898,-3.72617
Orcasitas,40.36863,-3.71242
Quintana,40.43701,-3.64507
Marroquina,40.41073,-3.64061
San Fermín,40.37059,-3.68912
Moscardó,40.389,-3.70682
Pradolongo,40.37814,-3.70712
Portazgo,40.39061,-3.64824
San Diego,40.39003,-3.66787
Palomeras Bajas,40.38476,-3.65888
Palomeras Sureste,40.38524,-3.63726
Media Legua,40.41189,-3.65682
Fontarrón,40.40141,-3.64678
Vinateros,40.40525,-3.64249
Ventas,40.42248,-3.64741
San Pascual,40.44286,-3.65346
Piovera,40.45572,-3.63509
Pinar del Rey,40.4724,-3.64709
San Cristobal,40.34077,-3.68843
Los Rosales,40.35572,-3.68855
Los Angeles,40.35579,-3.69914
Santa Eugenia,40.38344,-3.61135
Valdefuentes,40.49367,-3.6359
Butarque,40.33719,-3.6763
Simancas,40.43533,-3.6251
Arcos,40.42122,-3.61759
Rosas,40.42752,-3.59426
Rejas,40.44509,-3.57016
Yerres,48.71785,2.49338
Wittenheim,47.8109,7.32756
Wattrelos,50.70118,3.21812
Wasquehal,50.67043,3.13382
Voiron,45.36471,5.5856
Vitry-sur-Seine,48.78716,2.40332
Vitry-le-François,48.72472,4.58439
Vitrolles,43.46,5.24861
Vitré,48.12279,-1.20983
Viry-Châtillon,48.67211,2.39318
Viroflay,48.80078,2.16181
Vincennes,48.8486,2.43769
Villiers-sur-Marne,48.831,2.54844
Villiers-le-Bel,49.00875,2.39819
Villeurbanne,45.76601,4.8795
Villers-lès-Nancy,48.67333,6.15283
Villepinte,48.96203,2.53253
Villeparisis,48.94208,2.61463
Villeneuve-sur-Lot,44.40854,0.70415
Villeneuve-Saint-Georges,48.73219,2.44925
Villeneuve-le-Roi,48.73684,2.40081
Villeneuve-la-Garenne,48.93935,2.31478
Villenave-d'Ornon,44.77935,-0.56707
Villemomble,48.88333,2.5
Villejuif,48.7939,2.35992
Villefranche-sur-Saône,45.98967,4.71961
Villefontaine,45.61278,5.15058
Vigneux-sur-Seine,48.70291,2.41357
Vierzon,47.22186,2.0684
Vienne,45.52569,4.87484
Vichy,46.12709,3.42577
Vesoul,47.62604,6.14251
Vertou,47.16878,-1.4729
Versailles,48.80359,2.13424
Verrières-le-Buisson,48.74565,2.26796
Vernon,49.09292,1.46332
Verneuil-sur-Seine,48.97388,1.9648
Verdun,49.15964,5.3829
Vénissieux,45.69706,4.88593
Vendôme,47.79292,1.06556
Vence,43.72254,7.11183
Vélizy-Villacoublay,48.78198,2.19395
Vauréal,49.03333,2.03333
Vaulx-en-Velin,45.78693,4.9251
Paris 15 Vaugirard,48.8412,2.3003
Vanves,48.82345,2.29025
Vannes,47.65688,-2.76205
Vandœuvre-lès-Nancy,48.66115,6.17114
Vallauris,43.57803,7.05451
Valenciennes,50.35909,3.52506
Valence,44.9256,4.90956
Tulle,45.26582,1.77233
Troyes,48.30073,4.08524
Tremblay-en-France,48.94956,2.5684
Trappes,48.77413,2.01781
Tours,47.39484,0.70398
Tournefeuille,43.58872,1.31922
Tourlaville,49.63829,-1.56639
Tourcoing,50.72391,3.16117
Toulouse,43.60426,1.44367
Toulon,43.12442,5.92836
Toul,48.68075,5.89115
Torcy,48.85064,2.65078
Thonon-les-Bains,46.37049,6.47985
Thionville,49.35994,6.16044
Thiais,48.76496,2.3961
Tergnier,49.65607,3.30107
Paris 03 Temple,48.8637,2.3615
Taverny,49.02542,2.21691
Tassin-la-Demi-Lune,45.75499,4.78812
Tarbes,43.23407,0.07139
Talence,44.80849,-0.58915
Suresnes,48.87143,2.22929
Sucy-en-Brie,48.76872,2.53474
Strasbourg,48.58392,7.74553
Stains,48.95,2.38333
Sotteville-lès-Rouen,49.40972,1.09005
Sorgues,44.01023,4.87381
Soisy-sous-Montmorency,48.98813,2.30156
Soissons,49.38167,3.32361
Six-Fours-les-Plages,43.09174,5.82465
Sin-le-Noble,50.36159,3.13113
Seynod,45.88549,6.08831
Sèvres,48.82292,2.21757
Sevran,48.94472,2.52746
Sète,43.4028,3.69278
Sens,48.19738,3.28328
Senlis,49.20724,2.58661
Sélestat,48.26195,7.4489
Sedan,49.70187,4.94028
Schiltigheim,48.60749,7.74931
Sceaux,48.77644,2.29026
Savigny-sur-Orge,48.67677,2.34835
Savigny-le-Temple,48.57409,2.58287
Saumur,47.25931,-0.07808
Sartrouville,48.9482,2.19169
Sarreguemines,49.10995,7.06747
Sarcelles,48.99739,2.37821
Saran,47.95013,1.87601
Sannois,48.96667,2.25
Sanary-sur-Mer,43.11985,5.80155
Salon-de-Provence,43.64229,5.09478
Sallanches,45.94423,6.63162
Saint-Sébastien-sur-Loire,47.20768,-1.50332
Saint-Raphaël,43.42332,6.7735
Saint-Quentin,49.84889,3.28757
Saint-Priest,45.69651,4.94385
Saint-Pol-sur-Mer,51.03116,2.33983
Saint-Pierre-des-Corps,47.38623,0.74849
Saint-Ouen-l'Aumône,49.04353,2.12134
Saint-Ouen,48.90654,2.33339
Saint-Omer,50.74834,2.26091
Saint-Nazaire,47.27506,-2.2179
Saint-Michel-sur-Orge,48.63479,2.30831
Saint-Médard-en-Jalles,44.8955,-0.71779
Saint-Maximin-la-Sainte-Baume,43.44813,5.86081
Saint-Maur-des-Fossés,48.79395,2.49323
Saint-Martin-d'Hères,45.1787,5.76281
Saint-Mandé,48.83864,2.41579
Saint-Malo,48.64738,-2.00877
Saint-Loup,43.27766,5.43133
Saint-Louis,47.59206,7.55923
Saint-Lô,49.11624,-1.09031
Saint-Leu-la-Forêt,49.01667,2.25
Saint-Leu,46.7306,4.50083
Saint-Laurent-du-Var,43.67323,7.19
Saint-Jean-de-la-Ruelle,47.91127,1.86483
Saint-Jean-de-Braye,47.91303,1.97705
Saint-Herblain,47.21154,-1.651
Saint-Gratien,48.9735,2.28729
Saint-Germain-en-Laye,48.89643,2.0904
Saint-Genis-Laval,45.69542,4.79316
Saint-Fons,45.70875,4.85325
Saint-Étienne-du-Rouvray,49.37794,1.10467
Saint-Étienne,45.43389,4.39
Saintes,45.74742,-0.63489
Sainte-Marguerite,43.26196,5.40125
Sainte-Geneviève-des-Bois,48.64682,2.31965
Sainte-Foy-lès-Lyon,45.73375,4.80259
Saint-Égrève,45.23313,5.68154
Saint-Dizier,48.63773,4.94892
Saint-Dié-des-Vosges,48.28429,6.94921
Saint-Denis,48.93564,2.35387
Saint-Cyr-sur-Loire,47.4,0.66667
Saint-Cyr-l'École,48.79865,2.06814
Saint-Cloud,48.84598,2.20289
Saint-Chamond,45.4759,4.51294
Saint-Brieuc,48.51513,-2.76838
Saint-Avold,49.10465,6.70402
Saint-Avertin,47.36357,0.73993
Saint-Amand-les-Eaux,50.44718,3.43076
Rueil-Malmaison,48.8765,2.18967
Royan,45.62811,-1.03153
Rouen,49.44313,1.09932
Roubaix,50.69421,3.17456
Rosny-sous-Bois,48.87017,2.4991
Ronchin,50.59883,3.09056
Romorantin-Lanthenay,47.36667,1.75
Romans-sur-Isère,45.0496,5.06602
Romainville,48.8854,2.43482
Roissy-en-Brie,48.79159,2.64747
Rodez,44.35258,2.57338
Rochefort,45.94304,-0.96774
Roanne,46.03624,4.06802
Ris-Orangis,48.6511,2.41406
Riom,45.89362,3.11264
Rillieux-la-Pape,45.81667,4.9
Rezé,47.19058,-1.56885
Paris 12 Reuilly,48.8412,2.3876
Rennes,48.11109,-1.67431
Reims,49.26526,4.02853
Rambouillet,48.64374,1.82992
Quimper,47.99597,-4.09795
Puteaux,48.88341,2.23894
Port-de-Bouc,43.40657,4.9809
Paris 11 Popincourt,48.8574,2.3795
Pontoise,49.05,2.1
Pontivy,48.06835,-2.96645
Pontarlier,46.90347,6.35542
Pont-à-Mousson,48.90702,6.05635
Poitiers,46.58261,0.34348
Poissy,48.92902,2.04952
Ploemeur,47.73512,-3.42952
Plaisir,48.82319,1.9541
Plaisance-du-Touch,43.56554,1.29645
Pierrefitte-sur-Seine,48.96691,2.36104
Pessac,44.80565,-0.6324
Pertuis,43.69415,5.50291
Perpignan,42.69764,2.89541
Périgueux,45.18691,0.71439
Pau,43.31117,-0.35583
Paris 16 Passy,48.8637,2.2769
Paris,48.85341,2.3488
Pantin,48.89437,2.40935
Paris 05 Panthéon,48.8448,2.3471
Pamiers,43.1165,1.61079
Palaiseau,48.71828,2.2498
Paris 07 Palais-Bourbon,48.8565,2.321
Ozoir-la-Ferrière,48.76699,2.66871
Oyonnax,46.25917,5.65727
Outreau,50.70535,1.5897
Oullins,45.71404,4.80755
Osny,49.0701,2.06277
Orvault,47.27117,-1.62361
Orsay,48.69572,2.18727
Orly,48.74792,2.39253
Orléans,47.90248,1.90407
Orange,44.13806,4.81025
Paris 09 Opéra,48.8718,2.3399
Olivet,47.86219,1.8991
Octeville,49.62612,-1.64349
Paris 14 Observatoire,48.8331,2.3264
Noyon,49.58333,3.0
Noisy-le-Sec,48.89148,2.46451
Noisy-le-Grand,48.84979,2.56266
Noisiel,48.84868,2.62435
Nogent-sur-Oise,49.27158,2.47074
Nogent-sur-Marne,48.83669,2.48255
Niort,46.32313,-0.45877
Nîmes,43.83665,4.35788
Nice,43.70313,7.26608
Nevers,46.98956,3.159
Neuilly-sur-Seine,48.8846,2.26965
Neuilly-sur-Marne,48.85373,2.54903
Neuilly-Plaisance,48.86342,2.506
Narbonne,43.18396,3.00141
Nantes,47.21725,-1.55336
Nanterre,48.89198,2.20675
Nancy,48.68439,6.18496
Muret,43.45998,1.32541
Mulhouse,47.75205,7.32866
Moulins,46.56459,3.33243
Mougins,43.60068,6.99523
Morsang-sur-Orge,48.66181,2.35338
Morlaix,48.57784,-3.82792
Mont-Saint-Aignan,49.46307,1.09364
Montrouge,48.8162,2.31393
Montreuil,48.86415,2.44322
Montpellier,43.61093,3.87635
Montmorency,48.98826,2.3434
Montluçon,46.34015,2.60254
Montivilliers,49.54518,0.18769
Montigny-lès-Metz,49.0956,6.15271
Montigny-lès-Cormeilles,48.98201,2.20035
Montigny-le-Bretonneux,48.76636,2.03405
Montgeron,48.70543,2.45039
Montfermeil,48.8982,2.57913
Montesson,48.90924,2.13754
Montereau-Fault-Yonne,48.38333,2.95
Montélimar,44.55468,4.75469
Mont-de-Marsan,43.89022,-0.49713
Montceau-les-Mines,46.66667,4.36667
Montbrison,45.60752,4.06525
Montbéliard,47.50957,6.79823
Montauban,44.01759,1.3542
Montargis,47.99696,2.73261
Mons-en-Barœul,50.63333,3.11667
Moissy-Cramayel,48.62605,2.60125
Mitry-Mory,48.98333,2.61667
Miramas,43.58508,5.00268
Millau,44.09973,3.07848
Meyzieu,45.76637,5.00277
Meylan,45.20978,5.77762
Meudon,48.81381,2.235
Metz,49.11911,6.17269
Mérignac,44.84247,-0.64512
Menton,43.77649,7.50435
Paris 20 Ménilmontant,48.8646,2.3984
Melun,48.5457,2.65356
Meaux,48.96014,2.87885
Mazargues,43.24622,5.39788
Mayenne,48.30337,-0.61383
Maurepas,48.76486,1.92923
Mauguio,43.61692,4.00739
Maubeuge,50.27875,3.97267
Massy,48.72692,2.28301
Martigues,43.40735,5.05526
Marseille,43.29695,5.38107
Marmande,44.50361,0.16546
Marly-le-Roi,48.86667,2.08333
Marignane,43.41727,5.21462
Marcq-en-Barœul,50.66667,3.08333
Mantes-la-Ville,48.97374,1.70253
Mantes-la-Jolie,48.99048,1.7167
Manosque,43.82883,5.78688
Mandelieu-la-Napoule,43.54577,6.93734
Malakoff,48.81999,2.29998
Maisons-Laffitte,48.95264,2.14521
Maisons-Alfort,48.81171,2.43945
Mâcon,46.31407,4.82823
Lyon,45.74906,4.84789
Paris 06 Luxembourg,48.8493,2.33
Lunéville,48.59273,6.49383
Lunel,43.67778,4.13611
Lucé,48.43689,1.46359
Louviers,49.21667,1.16667
Lourdes,43.09461,-0.04611
Lormont,44.8765,-0.51919
Lorient,47.74817,-3.37177
Loos,50.60982,3.01874
Lons-le-Saunier,46.67535,5.55575
Longjumeau,48.69307,2.29431
Lomme,50.64358,2.98715
Lognes,48.83541,2.62998
Livry-Gargan,48.9193,2.54305
L'Isle-sur-la-Sorgue,43.91971,5.05141
Lisieux,49.1466,0.22925
Lingolsheim,48.55752,7.68253
Limoges,45.83362,1.24759
Limeil-Brévannes,48.7448,2.48705
Limay,48.99553,1.74081
Lille,50.63391,3.05512
Liévin,50.4198,2.78068
Libourne,44.91449,-0.24186
L'Haÿ-les-Roses,48.77935,2.33729
Le Vésinet,48.89281,2.13308
Levallois-Perret,48.89389,2.28864
Les Sables-d'Olonne,46.49687,-1.7847
Les Pennes-Mirabeau,43.41012,5.30838
Les Pavillons-sous-Bois,48.90683,2.50648
Les Olives,43.32393,5.4584
Les Mureaux,48.99173,1.90972
Les Lilas,48.87992,2.42057
Les Herbiers,46.87095,-1.0156
Les Clayes-sous-Bois,48.82206,1.98677
Le Puy-en-Velay,45.04366,3.88523
Le Pré-Saint-Gervais,48.88549,2.40422
Le Pontet,43.96119,4.86008
Le Plessis-Trévise,48.81074,2.57363
Le Plessis-Robinson,48.78889,2.27078
Le Petit-Quevilly,49.41338,1.06155
Le Perreux-sur-Marne,48.85,2.5
Le Pecq,48.89317,2.10371
Lens,50.43302,2.82791
Le Mée-sur-Seine,48.53157,2.62829
Le Mans,48.0021,0.20251
Le Kremlin-Bicêtre,48.81471,2.36073
Le Havre,49.49346,0.10785
Le Grand-Quevilly,49.40076,1.04582
Le Creusot,46.80714,4.41632
Le Chesnay,48.8222,2.12213
Le Cannet,43.57662,7.01912
Le Bouscat,44.86488,-0.59864
Le Blanc-Mesnil,48.93872,2.46138
Laxou,48.68372,6.14929
La Valette-du-Var,43.13763,5.98317
Laval,48.07247,-0.77019
Lattes,43.56775,3.90279
La Teste-de-Buch,44.63278,-1.14513
La Seyne-sur-Mer,43.10322,5.87816
La Roche-sur-Yon,46.66974,-1.42757
La Rochelle,46.16308,-1.15222
La Pomme,43.28987,5.44153
Laon,49.5631,3.62714
Lannion,48.73264,-3.45657
Lanester,47.76316,-3.3393
Landerneau,48.4515,-4.25175
Lambersart,50.65,3.03333
La Madeleine,50.64603,3.07585
Lagny-sur-Marne,48.86667,2.71667
La Garenne-Colombes,48.90472,2.2469
La Garde,43.12468,6.01033
La Flèche,47.69815,-0.07553
La Crau,43.14962,6.07399
La Courneuve,48.92805,2.39627
La Ciotat,43.17476,5.60449
La Chapelle-sur-Erdre,47.29964,-1.55239
La Celle-Saint-Cloud,48.85029,2.14523
Juan-les-Pins,43.56945,7.11309
Jouy-le-Moutier,49.01068,2.04028
Joué-lès-Tours,47.34907,0.66513
Joinville-le-Pont,48.82538,2.47458
Ivry-sur-Seine,48.81568,2.38487
Istres,43.51345,4.98747
Issy-les-Moulineaux,48.82104,2.27718
Issoire,45.54422,3.24901
Illzach,47.7742,7.35175
Illkirch-Graffenstaden,48.52894,7.71523
Hyères,43.12038,6.12857
Houilles,48.92161,2.19263
Paris 04 Hôtel-de-Ville,48.8601,2.3507
Hérouville-Saint-Clair,49.21088,-0.30653
Herblay-sur-Seine,48.98994,2.1699
Hénin-Beaumont,50.41359,2.96485
Hem,50.65256,3.18681
Hazebrouck,50.72374,2.53729
Hayange,49.32881,6.06278
Hautmont,50.25077,3.92143
Yutz,49.35571,6.1926
Haubourdin,50.60826,2.99143
Halluin,50.78628,3.12611
Haguenau,48.81557,7.79051
Guyancourt,48.77334,2.07393
Gujan-Mestras,44.636,-1.06815
Guéret,46.17185,1.87166
Guérande,47.32829,-2.42934
Grigny,48.65412,2.39343
Grenoble,45.17869,5.71479
Grasse,43.65783,6.92537
Grande-Synthe,51.0154,2.29975
Gradignan,44.77362,-0.61395
Goussainville,49.01367,2.46595
Gonesse,48.98693,2.44892
Paris 13 Gobelins,48.8322,2.3561
Givors,45.59063,4.76878
Gif-sur-Yvette,48.68333,2.13333
Gien,47.69332,2.63094
Gentilly,48.81294,2.3417
Gennevilliers,48.93333,2.3
Garges-lès-Gonesse,48.96791,2.39781
Gardanne,43.45491,5.46913
Garches,48.84226,2.18232
Gap,44.55858,6.07868
Gagny,48.88333,2.53333
Frontignan,43.44775,3.75524
Fresnes,48.75568,2.32241
Fréjus,43.43325,6.73555
Franconville,48.98333,2.23333
Fougères,48.35157,-1.19961
Fos-sur-Mer,43.43774,4.94457
Forbach,49.18848,6.89255
Fontenay-sous-Bois,48.85442,2.48268
Fontenay-le-Comte,46.46671,-0.80624
Fontenay-aux-Roses,48.79325,2.29275
Fontainebleau,48.40908,2.70177
Fontaine,45.19275,5.68821
Floirac,44.83061,-0.52675
Fleury-les-Aubrais,47.93328,1.91811
Flers,48.73722,-0.57466
Firminy,45.38956,4.2886
Fécamp,49.75787,0.37457
Faches-Thumesnil,50.58333,3.06667
Eysines,44.88442,-0.65141
Évry,48.6328,2.44049
Évreux,49.02414,1.15082
Étampes,48.43507,2.16233
La Baule-Escoublac,47.29221,-2.36395
Ermont,48.99004,2.25804
Éragny,49.01667,2.1
Équeurdreville-Hainneville,49.64868,-1.65306
Épinay-sur-Seine,48.9535,2.31514
Épinal,48.18324,6.45304
Épernay,49.04,3.95922
Paris 10 Entrepôt,48.8709,2.3561
Paris 08 Élysée,48.8763,2.3183
Elbeuf,49.28669,1.00288
Élancourt,48.78421,1.9552
Écully,45.77437,4.77758
Échirolles,45.14603,5.71441
Eaubonne,48.99712,2.28249
Dunkirk,51.0344,2.37681
Dreux,48.73649,1.36566
Draveil,48.68466,2.41418
Drancy,48.92578,2.44533
Draguignan,43.53692,6.46458
Douarnenez,48.09542,-4.32904
Douai,50.37069,3.07922
Domont,49.02782,2.32638
Dole,47.09225,5.48966
Dijon,47.31344,5.01391
Digne-les-Bains,44.09252,6.23199
Dieppe,49.9216,1.07772
Deuil-la-Barre,48.97674,2.32722
Denain,50.3293,3.3943
Décines-Charpieu,45.76873,4.95883
Dax,43.71032,-1.05366
Dammarie-les-Lys,48.51667,2.65
Cugnaux,43.53635,1.34428
Croix,50.67846,3.1493
Créteil,48.79266,2.46569
Crépy-en-Valois,49.23359,2.88807
Creil,49.25672,2.48477
Cran-Gevrier,45.9,6.1
Cournon-d'Auvergne,45.74123,3.19643
Courbevoie,48.89672,2.25666
Coulommiers,48.81451,3.08498
Couëron,47.21473,-1.72452
Coudekerque-Branche,51.02288,2.39359
Cormeilles-en-Parisis,48.97111,2.20491
Corbeil-Essonnes,48.60603,2.48757
Conflans-Sainte-Honorine,49.00158,2.09694
Concarneau,47.87536,-3.91896
Compiègne,49.41794,2.82606
Combs-la-Ville,48.66497,2.56957
Pontault-Combault,48.79813,2.60676
Colomiers,43.61058,1.33467
Colombes,48.91882,2.25404
Colmar,48.08078,7.35584
Cognac,45.69581,-0.32867
Cluses,46.06251,6.57497
Clichy-sous-Bois,48.9102,2.55323
Clichy,48.90018,2.30952
Clermont-Ferrand,45.77969,3.08682
Clamart,48.80299,2.26692
Cholet,47.05893,-0.87974
Choisy-le-Roi,48.76846,2.41874
Chilly-Mazarin,48.71489,2.31638
Chevilly-Larue,48.76476,2.3503
Cherbourg,49.63984,-1.61636
Chenôve,47.29323,5.00457
Chennevières-sur-Marne,48.79702,2.54046
Chelles,48.88109,2.59295
Chaville,48.80565,2.18864
Chaumont,48.11121,5.14134
Chatou,48.8898,2.15863
Châtillon,48.8024,2.29346
Châtenay-Malabry,48.76507,2.26655
Châtellerault,46.81705,0.54518
Château-Thierry,49.04636,3.40304
Châteauroux,46.81248,1.69362
Châteaudun,48.07086,1.33783
Chartres,48.44685,1.48925
Charleville-Mézières,49.7685,4.72487
Charenton-le-Pont,48.82209,2.41217
Champs-sur-Marne,48.85,2.6
Champigny-sur-Marne,48.81642,2.49366
Chambéry,45.56628,5.92079
Chamalières,45.77364,3.06703
Chalon-sur-Saône,46.78112,4.85372
Châlons-en-Champagne,48.95393,4.36724
Challans,46.8458,-1.87942
Cestas,44.74471,-0.68194
Cesson-Sévigné,48.1212,-1.603
Cergy,49.03645,2.07613
Cenon,44.85614,-0.53355
Cavaillon,43.83125,5.03586
Castres,43.60527,2.24088
Castelnau-le-Lez,43.63605,3.90137
Carvin,50.49235,2.95815
Carrières-sous-Poissy,48.94952,2.04068
Carquefou,47.29722,-1.4921
Carpentras,44.05507,5.04813
Carcassonne,43.21649,2.34863
Canteleu,49.44065,1.02459
Cannes,43.55135,7.01275
Cambrai,50.17596,3.23472
Caluire-et-Cuire,45.79462,4.8464
Calais,50.95194,1.85635
Cahors,44.4491,1.43663
Cagnes-sur-Mer,43.66352,7.1479
Caen,49.18585,-0.35912
Cachan,48.79632,2.33661
Paris 19 Buttes-Chaumont,48.8817,2.3822
Paris 18 Buttes-Montmartre,48.8925,2.3444
Bry-sur-Marne,48.83811,2.52488
Brunoy,48.6942,2.49223
Bruay-la-Buissière,50.48333,2.55
Bron,45.73865,4.91303
Brive-la-Gaillarde,45.1589,1.53326
Brignoles,43.4058,6.06172
Brie-Comte-Robert,48.69247,2.6109
Brétigny-sur-Orge,48.61135,2.30593
Brest,48.39029,-4.48628
Bressuire,46.84158,-0.49042
Paris 02 Bourse,48.8655,2.3426
Bourg-lès-Valence,44.94703,4.89463
Bourg-la-Reine,48.77888,2.31781
Bourges,47.08333,2.4
Bourg-en-Bresse,46.20574,5.2258
Boulogne-sur-Mer,50.72485,1.61373
Boulogne-Billancourt,48.83545,2.24128
Bouguenais,47.17941,-1.62468
Bordeaux,44.84124,-0.58046
Bonneuil-sur-Marne,48.7695,2.4793
Bondy,48.9018,2.48931
Boissy-Saint-Léger,48.75149,2.51163
Bois-Colombes,48.91936,2.27485
Bobigny,48.90982,2.45012
Blois,47.59432,1.32912
Blanquefort,44.91065,-0.63758
Blagnac,43.63675,1.38971
Bischheim,48.61612,7.75343
Biarritz,43.48055,-1.55684
Bezons,48.92426,2.2128
Béziers,43.34122,3.21402
Béthune,50.52965,2.64003
Besançon,47.24878,6.01815
Bergerac,44.85157,0.48171
Berck,50.4,1.6
Berck-Plage,50.40704,1.56446
Belfort,47.64218,6.85385
Bègles,44.80759,-0.55144
Beauvais,49.43333,2.08333
Beaune,47.02413,4.83887
Bayonne,43.49316,-1.473
Bayeux,49.27732,-0.7039
Paris 17 Batignolles-Monceau,48.8835,2.3219
Bastia,42.70219,9.45123
Bar-le-Duc,48.77275,5.16108
Balma,43.61111,1.49944
Bagnols-sur-Cèze,44.16259,4.61974
Bagnolet,48.86667,2.41667
Bagneux,48.79565,2.30796
Avon,48.40219,2.72022
Avion,50.41038,2.83053
Avignon,43.94834,4.80892
Auxerre,47.7996,3.57033
Autun,46.95104,4.29869
Aurillac,44.92539,2.43983
Aulnay-sous-Bois,48.93814,2.49402
Audincourt,47.48327,6.85341
Auch,43.64561,0.58856
Aubervilliers,48.91667,2.38333
Aubagne,43.29276,5.57067
Athis-Mons,48.70522,2.39147
Asnières-sur-Seine,48.91667,2.28333
Arras,50.29301,2.78186
Armentières,50.68568,2.88214
Arles,43.67681,4.63031
Argenteuil,48.94788,2.24744
Argentan,48.74441,-0.02023
Arcueil,48.79993,2.33256
Antony,48.75329,2.29668
Antibes,43.58127,7.12487
Annonay,45.23992,4.6707
Annemasse,46.19439,6.23775
Annecy-le-Vieux,45.91971,6.14393
Annecy,45.90878,6.12565
Angoulême,45.64997,0.15345
Anglet,43.48921,-1.51921
Angers,47.47156,-0.55202
Amiens,49.9,2.3
Allauch,43.33573,5.48201
Alfortville,48.80575,2.4204
Alès,44.12489,4.08082
Alençon,48.43476,0.09311
Albi,43.9298,2.148
Albertville,45.67452,6.39061
Ajaccio,41.91886,8.73812
Aix-les-Bains,45.69173,5.90863
Aix-en-Provence,43.5283,5.44973
Agen,44.20199,0.62055
Agde,43.31083,3.47583
Achères,48.96115,2.06882
Abbeville,50.10521,1.83547
Paris 01 Louvre,48.8592,2.3417
Villeneuve-d'Ascq,50.61669,3.16664
Lyon 02,45.75423,4.83089
Lyon 03,45.76124,4.85184
Lyon 04,45.77507,4.82712
Lyon 05,45.76106,4.82677
Lyon 06,45.76788,4.85064
Lyon 07,45.74525,4.84197
Lyon 08,45.73626,4.86866
Lyon 09,45.77255,4.80326
Les Ulis,48.68167,2.16944
Lyon 01,45.76758,4.8345
Marseille 01,43.29814,5.38407
Marseille 02,43.29664,5.37034
Marseille 03,43.30257,5.37583
Marseille 04,43.30213,5.40141
Marseille 05,43.29551,5.40055
Marseille 06,43.28764,5.37918
Marseille 07,43.28289,5.36021
Marseille 08,43.27083,5.3821
Marseille 10,43.27889,5.41523
Marseille 09,43.25433,5.4057
Marseille 11,43.2907,5.4384
Marseille 12,43.29614,5.43617
Marseille 13,43.31856,5.40836
Marseille 14,43.34447,5.38004
Marseille 15,43.37224,5.35386
Marseille 16,43.35982,5.33421
La Defense,48.89198,2.23881
Saint-Quentin-en-Yvelines,48.77186,2.01891
Cergy-Pontoise,49.03894,2.07805
La Blancarde,43.30047,5.40563
Le Camas,43.29469,5.39415
Saint-Barthélémy,43.33105,5.40241
Marne La Vallée,48.83584,2.64241
Quinze-Vingts,48.84656,2.37439
Saint-Roch,43.71486,7.29195
Les Moulins,43.67523,7.20456
Picpus,48.84258,2.40014
Paris 10e Arrondissement,48.87668,2.35904
Hôpital Saint-Louis,48.8772,2.36689
Porte Saint-Denis,48.87363,2.35197
Porte Saint-Martin,48.87153,2.36015
Saint-Vincent de Paul,48.88075,2.35513
Paris 11e Arrondissement,48.85834,2.37952
Folie Méricourt,48.86625,2.37142
Roquette,48.858,2.38147
Saint-Ambroise,48.86174,2.37538
Sainte-Marguerite,48.85232,2.38932
Paris 12e Arrondissement,48.83523,2.43505
Bel-Air,48.84169,2.40489
Paris 13e Arrondissement,48.8262,2.35986
Croulebarbe,48.81003,2.35403
Gare,48.83337,2.37513
Maison Blanche,48.82586,2.3508
Salpêtrière,48.83732,2.35823
Plaine du Var,43.68248,7.20179
York,53.95763,-1.08271
Yeovil,50.94159,-2.63211
Yeadon,53.86437,-1.68743
Yate,51.54074,-2.41839
Yarm,54.50364,-1.35793
Wrexham,53.04664,-2.99132
Worthing,50.81795,-0.37538
Worksop,53.30182,-1.12404
Workington,54.6425,-3.54413
Worcester Park,51.37992,-0.24445
Worcester,52.18935,-2.22001
Wood Green,51.6,-0.11667
Woodford Green,51.60938,0.02329
Wombwell,53.52189,-1.39698
Wolverhampton,52.58547,-2.12296
Wokingham,51.4112,-0.83565
Woking,51.31903,-0.55893
Witney,51.7836,-1.4854
Witham,51.80007,0.64038
Wishaw,55.76667,-3.91667
Wisbech,52.66622,0.15938
Winsford,53.19146,-2.52398
Windsor,51.48333,-0.6
Winchester,51.06513,-1.3187
Wimborne Minster,50.78333,-1.98333
Wimbledon,51.42212,-0.20805
Wilmslow,53.32803,-2.23148
Willesden,51.53333,-0.23333
Willenhall,52.58514,-2.05934
Wigston Magna,52.58128,-1.09248
Wigan,53.54296,-2.63706
Widnes,53.3618,-2.73406
Wickford,51.61101,0.52331
Whitstable,51.3607,1.0257
Whitley Bay,55.03973,-1.44713
Whitehaven,54.54897,-3.58412
Whitefield,53.55,-2.3
Whickham,54.94561,-1.67635
Weymouth,50.61448,-2.45991
Weybridge,51.37178,-0.45975
Weston-super-Mare,51.34603,-2.97665
West Molesey,51.39985,-0.37997
City of Westminster,51.4975,-0.1357
Westhoughton,53.54899,-2.52464
West Ham,51.53333,0.01667
Westbury,51.26,-2.1875
West Bromwich,52.51868,-1.9945
West Bridgford,52.92979,-1.12537
Wembley,51.55242,-0.29686
Welwyn Garden City,51.80174,-0.20691
Wellington,52.7,-2.51667
Wellingborough,52.30273,-0.69446
Welling,51.46246,0.10759
Wednesfield,52.5963,-2.08508
Wednesbury,52.5514,-2.02355
Wath upon Dearne,53.50291,-1.3458
Watford,51.65531,-0.39602
Waterlooville,50.88067,-1.0304
Washington,54.9,-1.51667
Warwick,52.28333,-1.58333
Warrington,53.39254,-2.58024
Warminster,51.20434,-2.17873
Ware,51.81058,-0.02875
Walton-on-Thames,51.38678,-0.41319
Walton-on-the-Naze,51.84819,1.26738
Walthamstow,51.59067,-0.02077
Waltham Abbey,51.687,-0.00421
Walsall,52.58528,-1.98396
Wallsend,54.99111,-1.53397
Wallington,51.36404,-0.15368
Wallasey,53.42324,-3.06497
Walkden,53.51667,-2.4
Wakefield,53.68331,-1.49768
Uxbridge,51.5489,-0.48211
Urmston,53.44852,-2.35419
Upper Norwood,51.41505,-0.0927
Uckfield,50.96948,0.09589
Tynemouth,55.01788,-1.42559
Tyldesley,53.51393,-2.46754
Truro,50.26526,-5.05436
Trowbridge,51.31889,-2.20861
Totton,50.91877,-1.49037
Totteridge,51.63333,-0.2
Tottenham,51.60373,-0.06794
Torquay,50.46198,-3.52522
Tonbridge,51.19532,0.27363
Tiverton,50.90241,-3.49232
Tipton,52.52956,-2.06773
Thorne,53.61122,-0.96308
Thornaby-on-Tees,54.53333,-1.3
Thetford,52.41667,0.75
Thatcham,51.40366,-1.26049
Tewkesbury,51.99244,-2.1601
Taunton,51.01494,-3.10293
Tamworth,52.63399,-1.69587
Tadley,51.35045,-1.1285
Swinton,53.5,-2.35
Swindon,51.55797,-1.78116
Swansea,51.62079,-3.94323
Swanscombe,51.44713,0.31028
Swanley,51.39717,0.17321
Swadlincote,52.774,-1.55744
Sutton in Ashfield,53.12542,-1.26135
Sutton Coldfield,52.56667,-1.81667
Sutton,51.35,-0.2
Sunderland,54.90465,-1.38222
Sunbury-on-Thames,51.40424,-0.41817
Sudbury,52.0389,0.73117
Stroud,51.75,-2.2
Strood,51.39323,0.47713
Stretford,53.45,-2.31667
Streatham,51.42897,-0.13184
Stratford-upon-Avon,52.19166,-1.70734
Stratford,51.53333,0.0
Stowmarket,52.18893,0.99774
Stourport-on-Severn,52.33976,-2.28034
Stourbridge,52.45608,-2.14317
Stoke-on-Trent,53.00415,-2.18538
Stockton-on-Tees,54.56848,-1.3187
Stockport,53.40979,-2.15761
Stirling,56.11903,-3.93682
Stevenage,51.90224,-0.20256
Stepney,51.5175,-0.04292
Staveley,53.26667,-1.35
Stanford-le-Hope,51.52274,0.43422
Stamford,52.65,-0.48333
Stalybridge,53.48414,-2.05908
Staines,51.43092,-0.50606
Stafford,52.80521,-2.11636
Spennymoor,54.6988,-1.60229
Speke,53.34071,-2.841
Spalding,52.78709,-0.15141
South Shields,54.99859,-1.4323
Southsea,50.78351,-1.09071
Southport,53.64581,-3.01008
South Ockendon,51.50799,0.28333
South Norwood,51.39944,-0.07469
South Hayling,50.78773,-0.97697
Southend-on-Sea,51.53782,0.71433
South Elmsall,53.59709,-1.28034
South Benfleet,51.55295,0.55962
Southampton,50.90395,-1.40428
Southall,51.50896,-0.3713
Solihull,52.41426,-1.78094
Smethwick,52.49268,-1.96745
Slough,51.50949,-0.59541
Sleaford,52.99826,-0.40941
Skelmersdale,53.55024,-2.77348
Skegness,53.14362,0.3363
Sittingbourne,51.34128,0.73282
Shrewsbury,52.71009,-2.75208
Shoreham-by-Sea,50.83413,-0.27431
Shipley,53.83333,-1.76667
Shepherds Bush,51.505,-0.2211
Sheffield,53.38297,-1.4659
Sevenoaks,51.27266,0.18883
Selby,53.78333,-1.06667
Seaham,54.83903,-1.34575
Seaford,50.77141,0.10268
Scunthorpe,53.57905,-0.65437
Scarborough,54.27966,-0.40443
Sandown,50.65158,-1.16103
Sandhurst,51.34675,-0.78655
Sandbach,53.14515,-2.36251
Saltash,50.40959,-4.22514
Salisbury,51.06931,-1.79569
Salford,53.48771,-2.29042
Sale,53.42519,-2.32443
Saint Peters,51.36667,1.41667
Saint Neots,52.21667,-0.26667
Saint Ives,52.33251,-0.07656
St Helens,53.45,-2.73333
St Austell,50.3425,-4.77442
Saint Andrews,56.33871,-2.79902
St Albans,51.75,-0.33333
Saffron Walden,52.02337,0.24234
Saddleworth,53.54846,-2.00455
Ryton,52.61667,-2.35
Ryde,50.72999,-1.1621
Rutherglen,55.82885,-4.21376
Rushden,52.28927,-0.60184
Runcorn,53.34174,-2.73124
Ruislip,51.57344,-0.42341
Rugeley,52.7593,-1.93694
Rugby,52.37092,-1.26417
Royton,53.56507,-2.12267
Royston,52.04832,-0.02438
Royal Tunbridge Wells,51.13321,0.26256
Rottingdean,50.80984,-0.05939
Rotherham,53.43012,-1.35678
Romsey,50.98906,-1.49989
Romford,51.57515,0.18582
Roehampton,51.45165,-0.24393
Rochford,51.58198,0.70673
Rochester,51.38764,0.50546
Rochdale,53.61766,-2.1552
Risca,51.60799,-3.10081
Ripon,54.13579,-1.52826
Ripley,53.03333,-1.4
Rickmansworth,51.63898,-0.47718
Richmond,51.46171,-0.30633
Rhyl,53.31929,-3.49228
Rhosllannerchrugog,53.00974,-3.05814
Rhondda,51.65896,-3.44885
Renfrew,55.87197,-4.39253
Reigate,51.23736,-0.20582
Redruth,50.23315,-5.22434
Redhill,51.24048,-0.17044
Redditch,52.3065,-1.94569
Redcar,54.61657,-1.05999
Reading,51.45625,-0.97113
Rayleigh,51.58571,0.60459
Rawtenstall,53.70076,-2.28442
Rawmarsh,53.46062,-1.34437
Ramsgate,51.33568,1.41797
Ramsbottom,53.64789,-2.31683
Putney,51.46072,-0.21814
Purley,51.33678,-0.11201
Pudsey,53.79538,-1.66134
Prestwich,53.53333,-2.28333
Preston,53.76282,-2.70452
Prestatyn,53.33748,-3.40776
Prescot,53.42948,-2.80031
Poulton-le-Fylde,53.83333,-2.98333
Potters Bar,51.69353,-0.17835
Portsmouth,50.79899,-1.09125
Portslade,50.84286,-0.21608
Portishead,51.48199,-2.76973
Porthcawl,51.47903,-3.70362
Portadown,54.42302,-6.44434
Poole,50.71429,-1.98458
Pontypridd,51.6021,-3.34211
Pontypool,51.70111,-3.04444
Pontefract,53.69107,-1.31269
Ponders End,51.6445,-0.04652
Plymstock,50.35999,-4.09049
Plymouth,50.37153,-4.14305
Plumstead,51.48333,0.08333
Pitsea,51.56387,0.50859
Pinner,51.59384,-0.38216
Peterlee,54.76032,-1.33649
Peterhead,57.50517,-1.78435
Peterborough,52.57364,-0.24777
Perth,56.39522,-3.43139
Penzance,50.11861,-5.53715
Penrith,54.66579,-2.75757
Penicuik,55.83116,-3.22608
Penarth,51.4386,-3.17342
Palmers Green,51.61794,-0.11012
Paisley,55.83173,-4.43254
Paignton,50.43565,-3.56789
Oxford,51.75222,-1.25596
Oswestry,52.86195,-3.05497
Ossett,53.67978,-1.58006
Orpington,51.37457,0.09785
Ormskirk,53.56685,-2.88178
Omagh,54.6,-7.3
Oldham,53.54051,-2.1183
Oadby,52.60621,-1.08354
Nuneaton,52.52323,-1.46523
Notting Hill,51.5115,-0.20587
Nottingham,52.9536,-1.15047
Norwich,52.62783,1.29834
Northwich,53.25882,-2.52025
North Shields,55.01646,-1.44925
Northolt,51.54855,-0.36778
Lancing,50.82882,-0.32247
Northampton,52.25,-0.88333
Northallerton,54.33901,-1.43243
Norbury,51.41667,-0.11667
Newtownards,54.59236,-5.69092
Newtownabbey,54.65983,-5.90858
Newton Mearns,55.77334,-4.33339
Newton-le-Willows,53.45,-2.6
Newton Aycliffe,54.61842,-1.5719
Newton Abbot,50.52858,-3.61186
Newry,54.17841,-6.33739
Newquay,50.41557,-5.07319
Newport Pagnell,52.08731,-0.72218
Newport,51.58774,-2.99835
Newport,50.70146,-1.29124
New Milton,50.75601,-1.6658
New Mills,53.36592,-1.99986
Newmarket,52.24467,0.40418
New Malden,51.40065,-0.2617
New Cross,51.47534,-0.03837
Newcastle upon Tyne,54.97328,-1.61396
Newcastle under Lyme,53.0,-2.23333
Newbury,51.40148,-1.32471
Newburn,54.9876,-1.74415
Newark on Trent,53.06667,-0.81667
Nether Edge,53.35934,-1.48759
Neston,53.28333,-3.05
Nelson,53.83333,-2.2
Neath,51.66317,-3.80443
Nantwich,53.06878,-2.52051
Nailsea,51.43239,-2.75847
Musselburgh,55.9417,-3.04991
Mountsorrel,52.71667,-1.15
Motherwell,55.78924,-3.99187
Morley,53.74013,-1.59877
Moreton,53.4,-3.11667
Morecambe,54.06835,-2.86108
Morden,51.39822,-0.19837
Mitcham,51.40322,-0.16831
Mirfield,53.67343,-1.69636
Milton Keynes,52.04172,-0.75583
Middleton,53.55,-2.2
Middlesbrough,54.57623,-1.23483
Mexborough,53.49389,-1.29243
Merthyr Tydfil,51.74794,-3.37779
Melton Mowbray,52.76588,-0.88693
Melksham,51.37281,-2.14002
Meikle Earnock,55.75,-4.03333
Marlow,51.56933,-0.77415
Market Harborough,52.4776,-0.92053
Margate,51.38132,1.38617
March,52.55131,0.08828
Mansfield Woodhouse,53.16495,-1.19384
Mansfield,53.13333,-1.2
Mangotsfield,51.4878,-2.50403
Manchester,53.48095,-2.23743
Maltby,53.41667,-1.2
Maldon,51.7311,0.67463
Maidstone,51.26667,0.51667
Maidenhead,51.52279,-0.71986
Maghull,53.51619,-2.94117
Maesteg,51.60926,-3.65823
Macclesfield,53.26023,-2.12564
Luton,51.87967,-0.41748
Lowestoft,52.47523,1.75167
Louth,53.36664,-0.00438
Loughton,52.43333,-2.56667
Loughborough,52.76667,-1.2
Longton,52.98333,-2.13333
Longfield,51.3969,0.30212
Long Eaton,52.89855,-1.27136
Londonderry County Borough,54.99721,-7.30917
Derry,54.9981,-7.30934
London,51.50853,-0.12574
Lofthouse,53.72947,-1.49697
Llanelli,51.68195,-4.16191
Llandudno,53.32498,-3.83148
Livingston,55.90288,-3.52261
Liversedge,53.70514,-1.69327
Liverpool,53.41058,-2.97794
Littlehampton,50.81137,-0.54078
Litherland,53.46993,-2.99809
Lisburn,54.52337,-6.03527
Lincoln,53.22683,-0.53792
Limehouse,51.51412,-0.03282
Lichfield,52.68154,-1.82549
Leyland,53.69786,-2.68758
Lewes,50.87398,0.0088
Leighton Buzzard,51.91722,-0.65802
Leigh,53.49642,-2.51973
Leicester,52.6386,-1.13169
Leek,53.10434,-2.02207
Leeds,53.79648,-1.54785
Leatherhead,51.29652,-0.3338
Royal Leamington Spa,52.2852,-1.52
Larne,54.85,-5.81667
Larkhall,55.73333,-3.96667
Lancaster,54.04649,-2.79988
Kirkintilloch,55.93933,-4.15262
Kirkcaldy,56.11683,-3.15999
Kirkby in Ashfield,53.09982,-1.24379
Kirkby,53.48138,-2.89215
Kippax,53.76687,-1.37099
Kingswood,51.45278,-2.50833
Kingswinford,52.49755,-2.16889
Kingston upon Hull,53.7446,-0.33525
King's Lynn,52.75172,0.39516
Kilwinning,55.65333,-4.70666
Kilmarnock,55.61171,-4.49581
Kidsgrove,53.08691,-2.23777
Kidderminster,52.38819,-2.25
Keynsham,51.41387,-2.4978
Kettering,52.39836,-0.72571
Kenilworth,52.34958,-1.58276
Kendal,54.32681,-2.74757
Kempston,52.11599,-0.50044
Keighley,53.86791,-1.90664
Johnstone,55.82906,-4.51605
Jarrow,54.98036,-1.48423
Islington,51.53622,-0.10304
Isleworth,51.47518,-0.34246
Irvine,55.6194,-4.65508
Irlam,53.44253,-2.42323
Ipswich,52.05917,1.15545
Inverness,57.47908,-4.22398
Ilkeston,52.97055,-1.30951
Ilford,51.55765,0.07278
Hythe,50.86004,-1.40162
Hyde,53.45131,-2.07943
Huyton,53.4115,-2.83935
Huntingdon,52.33049,-0.18651
Humberstone,52.64738,-1.08647
Huddersfield,53.64904,-1.78416
Hucknall,53.03333,-1.2
Hoyland Nether,53.5,-1.45
Hove,50.83088,-0.1672
Hounslow,51.46839,-0.36092
Houghton-Le-Spring,54.84034,-1.46427
Horwich,53.60126,-2.54975
Horsham,51.06314,-0.32757
Horsforth,53.8426,-1.63754
Horley,51.17423,-0.15919
Hook,51.36803,-0.3065
Hoddesdon,51.76148,-0.01144
Hitchin,51.94924,-0.28496
Hindley,53.53333,-2.58333
Hinckley,52.5389,-1.37613
High Wycombe,51.62907,-0.74934
Highbury,51.55,-0.1
High Blantyre,55.78438,-4.10007
Heysham,54.04367,-2.89322
Heswall,53.32733,-3.09648
Heston,51.48363,-0.37577
Hertford,51.79588,-0.07854
Herne Bay,51.373,1.12857
Hereford,52.05684,-2.71482
Hemel Hempstead,51.75368,-0.44975
Heckmondwike,53.70646,-1.67747
Hebburn,54.97302,-1.51546
Heanor,53.01372,-1.35383
Hazel Grove,53.38333,-2.11667
Haywards Heath,50.99769,-0.10313
Hayes,51.51579,-0.4234
Hayes,51.37786,0.01682
Haydock,53.46723,-2.68166
Hawarden,53.18478,-3.02578
Haverhill,52.08226,0.43891
Havant,50.8567,-0.98559
Hatfield,51.76338,-0.22419
Hastings,50.85568,0.58009
Haslingden,53.70326,-2.32382
Haslemere,51.09015,-0.70785
Harwich,51.94194,1.28437
Hartley,51.38673,0.30367
Hartlepool,54.68554,-1.21028
Harrow,51.57835,-0.33208
Harrogate,53.99078,-1.5373
Harpenden,51.81684,-0.35706
Harlow,51.77655,0.11158
Harlesden,51.53811,-0.2502
Hanworth,51.43333,-0.38333
Hampton,51.41334,-0.36701
Hamilton,55.76667,-4.03333
Halifax,53.71667,-1.85
Halewood,53.3596,-2.83148
Halesowen,52.44859,-2.04938
Hale,51.22946,-0.78908
Hailsham,50.8622,0.25775
Hadleigh,51.55269,0.60983
Guiseley,53.87561,-1.71232
Guisborough,54.53478,-1.05606
Guildford,51.23536,-0.57427
Grimsby,53.56539,-0.07553
Greenwich,51.47785,-0.01176
Greenock,55.94838,-4.76121
Greenford,51.52866,-0.35508
Great Yarmouth,52.60831,1.73052
Great Wyrley,52.66277,-2.01111
Great Sankey,53.39234,-2.63994
Great Malvern,52.11161,-2.32515
Grays,51.47566,0.32521
Gravesend,51.44206,0.37106
Grantham,52.91149,-0.64184
Grangemouth,56.01141,-3.72183
Gosport,50.79509,-1.12902
Gosforth,55.0,-1.61667
Gorseinon,51.66931,-4.04163
Goole,53.70324,-0.87732
Golborne,53.47693,-2.59651
Godalming,51.1858,-0.61489
Gloucester,51.86568,-2.2431
Glossop,53.44325,-1.949
Glenrothes,56.19514,-3.17316
Glen Parva,52.58527,-1.17062
Glasgow,55.86515,-4.25763
Gillingham,51.38914,0.54863
Gelligaer,51.66444,-3.25611
Gateshead,54.96209,-1.60168
Garston,53.33333,-2.9
Gainsborough,53.38333,-0.76667
Fylde,53.83333,-2.91667
Fulwood,53.35,-1.55
Fulham,51.48026,-0.1993
Frome,51.22834,-2.32211
Frinton-on-Sea,51.83061,1.24424
Friern Barnet,51.61328,-0.15853
Fort William,56.81648,-5.11208
Formby,53.55838,-3.06999
Folkestone,51.08169,1.16734
Flint,53.24488,-3.13231
Fleetwood,53.92527,-3.01085
Fleet,51.28333,-0.83333
Finchley,51.60096,-0.19518
Feltham,51.4462,-0.41388
Felling,54.95297,-1.57152
Felixstowe,51.96375,1.3511
Fazakerley,53.4614,-2.92863
Faversham,51.3148,0.88856
Farnworth,53.55,-2.4
Farnham,51.21444,-0.80054
Farnborough,51.29424,-0.75565
Fareham,50.85162,-1.17929
Falmouth,50.15441,-5.07113
Falkirk,56.0021,-3.78535
Exmouth,50.61723,-3.40233
Exeter,50.7236,-3.52751
Evington,52.6,-1.06667
Evesham,52.09237,-1.94887
Esher,51.36969,-0.36693
Epsom,51.3305,-0.27011
Enfield Lock,51.67086,-0.02748
Enfield Town,51.65147,-0.08497
Emsworth,50.84779,-0.93697
Ely,52.39964,0.26196
Eltham,51.45061,0.05225
Ellesmere Port Town,53.27875,-2.90134
Elland,53.6851,-1.83878
Elgin,57.64947,-3.31843
Egham,51.43158,-0.55239
Edmonton,51.62561,-0.05798
Edinburgh,55.95206,-3.19648
Eccles,53.48333,-2.33333
Ebbw Vale,51.77714,-3.20792
Eastwood,53.0,-1.3
Retford,53.32213,-0.94315
East Molesey,51.39872,-0.34916
Eastleigh,50.96667,-1.35
East Kilbride,55.76412,-4.17669
East Grinstead,51.12382,-0.0061
East Dereham,52.68333,0.93333
Eastbourne,50.76871,0.28453
Durham,54.77676,-1.57566
Dunstable,51.88571,-0.52288
Dunfermline,56.07156,-3.45887
Dundee,56.46913,-2.97489
Dumfries,55.06959,-3.61139
Dumbarton,55.94433,-4.57061
Dukinfield,53.47497,-2.08809
Dudley,52.5,-2.08333
Droylsden,53.48005,-2.14543
Dronfield,53.30221,-1.47507
Droitwich,52.26667,-2.15
Dover,51.12598,1.31257
Dorking,51.23228,-0.3338
Dorchester,50.71667,-2.43333
Doncaster,53.52285,-1.13116
Dinnington,53.36667,-1.2
Didcot,51.60928,-1.24214
Dewsbury,53.69076,-1.62907
Devizes,51.35084,-1.99421
Derby,52.92277,-1.47663
Denton,53.45678,-2.11822
Deal,51.22316,1.4028
Daventry,52.25688,-1.16066
Darwen,53.69803,-2.46494
Darton,53.58705,-1.52676
Dartford,51.44657,0.21423
Darlington,54.52429,-1.55039
Dalserf,55.73333,-3.91667
Dagenham,51.55,0.16667
Cwmbran,51.65446,-3.02281
Cumbernauld,55.94685,-3.99051
Croydon,51.38333,-0.1
Crowthorne,51.37027,-0.79219
Crowborough,51.06098,0.16342
Cricklewood,51.5567,-0.21549
Crewe,53.09787,-2.44161
Crawley,51.11303,-0.18312
Cramlington,55.08652,-1.58598
Cowley,51.73213,-1.20631
Cowes,50.76252,-1.29781
Coventry,52.40656,-1.51217
Coulsdon,51.32002,-0.14088
Corby,52.49637,-0.68939
Consett,54.85404,-1.8316
Conisbrough,53.48188,-1.23214
Congleton,53.16314,-2.21253
Colwyn Bay,53.29483,-3.72674
Colne,53.85713,-2.16851
Coleraine,55.13333,-6.66667
Colchester,51.88921,0.90421
Coity,51.522,-3.55531
Cobham,51.32997,-0.4113
Coatbridge,55.86216,-4.02469
Coalville,52.72247,-1.3702
Clydebank,55.90137,-4.4057
Clydach,51.68333,-3.9
Clevedon,51.44227,-2.85786
Cleethorpes,53.56047,-0.03225
Cleckheaton,53.72405,-1.71294
Clacton-on-Sea,51.78967,1.15597
Cirencester,51.71927,-1.97145
Christchurch,50.73583,-1.78129
Chorley,53.65,-2.61667
Chiswick,51.49271,-0.25801
Chislehurst,51.41709,0.06858
Chippenham,51.46,-2.12472
Chingford,51.63033,0.00051
Chichester,50.83673,-0.78003
Chester-le-Street,54.85862,-1.57408
Chesterfield,53.25,-1.41667
Chester,53.1905,-2.89189
Chessington,51.3624,-0.30427
Cheshunt,51.7002,-0.03026
Chesham,51.7,-0.6
Chertsey,51.38812,-0.50782
Cheltenham,51.90006,-2.07972
Chelsea,51.48755,-0.16936
Chelmsford,51.73575,0.46958
Cheadle Hulme,53.3761,-2.1897
Chatham,51.37891,0.52786
Chapeltown,53.46506,-1.47217
Chalfont Saint Peter,51.60885,-0.55618
Catford,51.44491,-0.02043
Caterham,51.2823,-0.07889
Castlereagh,54.5735,-5.88472
Castleford,53.72587,-1.36256
Carterton,51.75905,-1.59435
Carshalton,51.36829,-0.16755
Carrickfergus,54.7158,-5.8058
Carmarthen,51.85552,-4.30535
Carlisle,54.8951,-2.9382
Cardiff,51.48,-3.18
Canterbury,51.27904,1.07992
Cannock,52.69045,-2.03085
Cambuslang,55.80966,-4.16096
Cambridge,52.2,0.11667
Camborne,50.21306,-5.29731
Camberley,51.33705,-0.74261
Calne,51.43879,-2.00571
Caerphilly,51.57452,-3.218
Buxton,53.25741,-1.90982
Bushey,51.64316,-0.36053
Bury St Edmunds,52.2463,0.71111
Bury,53.6,-2.3
Burton upon Trent,52.80728,-1.64263
Burntwood,52.68075,-1.92759
Burnley,53.8,-2.23333
Burnham-on-Sea,51.23862,-2.9978
Burgess Hill,50.95843,-0.13287
Buckley,53.16667,-3.08333
Brymbo,53.06667,-3.06667
Broxburn,55.93415,-3.47133
Brough,53.72861,-0.57215
Bromsgrove,52.33574,-2.05983
Broadstairs,51.35845,1.44185
Brixham,50.39431,-3.51585
Briton Ferry,51.63106,-3.81898
Bristol,51.45523,-2.59665
Brighton,50.82838,-0.13947
Brighouse,53.70322,-1.78428
Brierley Hill,52.48173,-2.12139
Bridlington,54.08306,-0.19192
Bridgwater,51.12837,-3.00356
Bridgend,51.50583,-3.57722
Brentwood,51.62127,0.30556
Brent,51.55306,-0.3023
Bredbury,53.41667,-2.11667
Braunstone,52.61835,-1.17904
Bramhall,53.35801,-2.16539
Braintree,51.87819,0.55292
Bradford,53.79391,-1.75206
Bracknell,51.41363,-0.75054
Bow,51.52609,-0.01665
Bournemouth,50.72048,-1.8795
Boston,52.97633,-0.02664
Borehamwood,51.65468,-0.27762
Bootle,53.46667,-3.01667
Bonnyrigg,55.87329,-3.1051
Bolton,53.58333,-2.43333
Bognor Regis,50.78206,-0.67978
Bodmin,50.47151,-4.7243
Blyth,55.12708,-1.50856
Bloxwich,52.61806,-2.00431
Bletchley,51.99334,-0.73471
Blaydon-on-Tyne,54.96461,-1.71392
Blackwall,51.50971,-0.0016
Blackpool,53.81667,-3.05
Blackburn,53.75,-2.48333
Bishopstoke,50.96643,-1.32832
Bishops Stortford,51.87113,0.15868
Bishopbriggs,55.90669,-4.21869
Bishop Auckland,54.65554,-1.67706
Birmingham,52.48142,-1.89983
Birkenhead,53.39337,-3.01479
Bingley,53.84861,-1.83857
Billingham,54.58881,-1.29034
Billericay,51.62867,0.41963
Biggleswade,52.08652,-0.26493
Bideford,51.01678,-4.20832
Biddulph,53.11724,-2.17584
Bicester,51.89998,-1.15357
Bexley,51.44162,0.14866
Bexhill-on-Sea,50.85023,0.47095
Beverley,53.84587,-0.42332
Berkhamsted,51.7604,-0.56528
Bentley,53.53333,-1.15
Belper,53.0233,-1.48119
Bellshill,55.81667,-4.01667
Belfast,54.59682,-5.92541
Bedworth,52.4791,-1.46909
Bedlington,55.13061,-1.59319
Bedford,52.13459,-0.46632
Beckenham,51.40878,-0.02526
Bebington,53.35,-3.01667
Bearsden,55.91536,-4.33279
Batley,53.70291,-1.6337
Bathgate,55.90204,-3.64398
Bath,51.3751,-2.36172
Basingstoke,51.26249,-1.08708
Basildon,51.56844,0.45782
Basford,52.96667,-1.18333
Barry,51.39979,-3.2838
Barrow in Furness,54.11094,-3.22758
Barrhead,55.79916,-4.39285
Barnstaple,51.08022,-4.05808
Barnsley,53.55,-1.48333
Barnet,51.65,-0.2
Barnes,51.47352,-0.24839
Barking,51.53333,0.08333
Banstead,51.32233,-0.20685
Bangor,54.66079,-5.66802
Bangor,53.22752,-4.12936
Banbury,52.0632,-1.34222
Banbridge,54.35,-6.28333
Ballymena,54.86357,-6.27628
Baildon,53.84711,-1.78785
Ayr,55.46273,-4.63393
Aylesbury,51.81665,-0.81458
Atherton,53.52371,-2.49354
Aston,52.5,-1.88333
Ashton-under-Lyne,53.48876,-2.0989
Ashton in Makerfield,53.48333,-2.65
Ashington,55.17719,-1.56412
Ashford,51.43173,-0.45761
Ashford,51.14648,0.87376
Ascot,51.41082,-0.6748
Arnold,53.0,-1.13333
Arbroath,56.56317,-2.58736
Antrim,54.7175,-6.211
Andover,51.21135,-1.49393
Ampthill,52.02694,-0.49567
Ammanford,51.79279,-3.98833
Amersham,51.66667,-0.61667
Altrincham,53.38752,-2.34848
Alton,51.14931,-0.97469
Alloa,56.11586,-3.78997
Alfreton,53.09766,-1.38376
Aldridge,52.60549,-1.91715
Aldershot,51.24827,-0.76389
Airdrie,55.86602,-3.98025
Adwick le Street,53.57077,-1.18454
Acton,51.50901,-0.2762
Acocks Green,52.45,-1.81667
Accrington,53.75379,-2.35863
Abingdon,51.67109,-1.28278
Aberystwyth,52.41548,-4.08292
Aberdeen,57.14369,-2.09814
Aberdare,51.71438,-3.44918
Tonypandy,51.62202,-3.45544
Blackwood,51.66778,-3.2075
Neston,51.41222,-2.20056
Camden Town,51.54057,-0.14334
Telford,52.67659,-2.44926
Craigavon,54.44709,-6.387
Soho,51.5144,-0.13535
Bayswater,51.51116,-0.18426
Pimlico,51.48897,-0.13699
North Watford,51.68072,-0.39446
Yateley,51.34305,-0.82985
Bowthorpe,52.63884,1.21885
Hedge End,50.91234,-1.30076
Gerrards Cross,51.5861,-0.55543
Erskine,55.9005,-4.45028
Hale,53.37831,-2.33271
Kilburn,51.55295,-0.19157
Chalk Farm,51.54313,-0.14987
Amersham on the Hill,51.67468,-0.60742
Shadwell,51.51135,-0.05663
Battersea,51.47475,-0.15547
Tooting,51.42524,-0.16394
South Croydon,51.36217,-0.09421
Hornchurch,51.55685,0.21664
Surbiton,51.39148,-0.29825
Ewell,51.34948,-0.2494
Becontree,51.5529,0.129
Brixton,51.46593,-0.10652
Bethnal Green,51.52718,-0.06109
Failsworth,53.50484,-2.16568
Radcliffe,53.56178,-2.32455
Heywood,53.59245,-2.21941
Old Trafford,53.45756,-2.28818
Longsight,53.45801,-2.20104
Heavitree,50.72044,-3.49646
Ferndown,50.80743,-1.89975
Canary Wharf,51.50519,-0.02085
Leytonstone,51.56856,0.00768
Earl Shilton,52.57682,-1.31536
Bordon,51.11357,-0.86245
Lytham St Annes,53.7426,-2.997
Hadley Wood,51.66669,-0.16981
Muswell Hill,51.59054,-0.14212
Chapel Allerton,53.82901,-1.53834
Blackheath,51.4647,0.0079
Kempston Hardwick,52.08956,-0.49908
Mendip,51.2372,-2.6266
Manchester City Centre,53.48097,-2.24555
Lower Earley,51.42708,-0.91979
Bartley Green,52.43532,-1.99707
Abbey Wood,51.48688,0.10747
West Ealing,51.51355,-0.3229
Golders Green,51.57631,-0.20033
Canvey Island,51.52199,0.5809
Earlsfield,51.4439,-0.1854
Old Swan,53.41392,-2.90889
Peacehaven,50.7927,-0.00652
Letchworth Garden City,51.97938,-0.22664
Peckham,51.47403,-0.06969
Shirley,52.41074,-1.81952
Stanley,54.86796,-1.69846
Rossendale,53.68456,-2.2769
Thornton-Cleveleys,53.87389,-3.02244
Deeside,53.20053,-3.03841
High Peak,53.36797,-1.84536
Hayling Island,50.7838,-0.96869
Isle of Lewis,58.21901,-6.38803
Holloway,51.55237,-0.12497
Harringay,51.5824,-0.09956
Canning Town,51.51363,0.01948
Manor Park,51.54932,0.04867
Allerton,53.36697,-2.894
Chadderton,53.5448,-2.13984
Thamesmead,51.50372,0.11982
Brockley,51.46369,-0.03652
Blantyre,55.79634,-4.09485
Vale of Leven,55.97132,-4.57928
Viewpark,55.82737,-4.0573
Kirkdale,53.43342,-2.97657
Kensington,53.40861,-2.95283
Belle Vale,53.39213,-2.86022
Hunts Cross,53.35578,-2.86572
Norris Green,53.44513,-2.92073
Stamford Hill,51.56872,-0.07334
Burngreave,53.39302,-1.45789
Archway,51.56733,-0.13415
Sinfin,52.88157,-1.48681
Ealing Common,51.50686,-0.29546
South Ruislip,51.55518,-0.40867
Wealdstone,51.59983,-0.33711
East Barnet,51.64674,-0.16103
Perry Vale,51.43639,-0.04442
Furzedown,51.42456,-0.14656
Queenstown,51.47807,-0.14716
Seven Sisters,51.57769,-0.07895
Tottenham Hale,51.59366,-0.05962
Latchmere,51.46842,-0.16882
Washwood Heath,52.50054,-1.82657
Nigg,57.11601,-2.09252
Primrose Place,52.56061,-0.10887
Saint Peter Port,49.45981,-2.53527
Zaprešić,45.85639,15.80778
Zagreb,45.81444,15.97798
Zadar,44.11578,15.22514
Velika Gorica,45.7125,16.07556
Varaždin,46.30444,16.33778
Split,43.50891,16.43915
Solin,43.5432,16.49314
Slavonski Brod,45.16158,18.0163
Požega,45.34028,17.68528
Sisak,45.46608,16.37748
Šibenik,43.73429,15.8942
Sesvete,45.83111,16.11639
Samobor,45.80306,15.71806
Rijeka,45.32673,14.44241
Pula,44.86833,13.84806
Koprivnica,46.16364,16.8297
Dubrovnik,42.64125,18.10909
Čakovec,46.38444,16.43389
Bjelovar,45.89789,16.85071
Karlovac,45.49167,15.55
Centar,45.81313,15.97753
Zalaegerszeg,46.83695,16.84401
Veszprém,47.09327,17.91149
Várpalota,47.19936,18.13954
Tapolca,46.88152,17.44117
Szombathely,47.23088,16.62155
Sopron,47.68501,16.59049
Siófok,46.90413,18.058
Sárvár,47.25395,16.93525
Pécs,46.07617,18.22814
Pápa,47.33004,17.4674
Nagykanizsa,46.45347,16.99104
Mosonmagyaróvár,47.86789,17.26994
Komló,46.19278,18.26494
Komárom,47.74318,18.11913
Keszthely,46.76812,17.24317
Kaposvár,46.36667,17.8
Győr,47.68333,17.63512
Dombóvár,46.37657,18.13696
Ajka,47.10196,17.55892
Wexford,52.33417,-6.4575
Waterford,52.25833,-7.11194
Tullamore,53.27389,-7.48889
Tralee,52.27042,-9.70264
Tallaght,53.2859,-6.37344
Swords,53.45972,-6.21806
Sligo,54.26969,-8.46943
Rathfarnham,53.30056,-6.28278
Portlaoise,53.03441,-7.29979
Droichead Nua,53.18194,-6.79667
Navan,53.65278,-6.68139
Naas,53.21583,-6.66694
An Muileann gCearr,53.52466,-7.3385
Maynooth,53.385,-6.59361
Malahide,53.45083,-6.15444
Lucan,53.35736,-6.44859
Limerick,52.66472,-8.62306
Letterkenny,54.95,-7.73333
Leixlip,53.36583,-6.49556
Kilkenny,52.65417,-7.25222
Greystones,53.14083,-6.06306
Galway,53.27245,-9.05095
Finglas,53.38917,-6.29694
Ennis,52.84361,-8.98639
Dún Laoghaire,53.29395,-6.13586
Dundalk,54.0,-6.41667
Dublin,53.33306,-6.24889
Drogheda,53.71889,-6.34778
Douglas,51.87444,-8.435
Cork,51.89797,-8.47061
Cluain Meala,52.355,-7.70389
Celbridge,53.34165,-6.54419
Carrigaline,51.81167,-8.39861
Carlow,52.84083,-6.92611
Bray,53.20278,-6.09833
Blanchardstown,53.38806,-6.37556
Ballincollig,51.88333,-8.58333
Balbriggan,53.60846,-6.1831
Athlone,53.42278,-7.93722
Sandyford,53.2747,-6.2253
Templeogue,53.29528,-6.30889
Donaghmede,53.39845,-6.16179
South Dublin,53.29026,-6.34151
Douglas,54.15,-4.48333
Zola Predosa,44.48967,11.21831
Vomero,40.84282,14.23075
Voghera,44.99151,9.01175
Vittorio Veneto,45.98026,12.30065
Viterbo,42.41937,12.1056
Vimodrone,45.51461,9.28772
Vimercate,45.61545,9.36801
Lancenigo-Villorba,45.71289,12.25697
Villaricca,40.92006,14.19339
Villafranca di Verona,45.35405,10.84462
Vignola,44.48383,11.01096
Vigevano,45.31407,8.85437
Vicenza,45.54672,11.5475
Viareggio,43.86693,10.2502
Viadana,44.93553,10.51898
Verona,45.43854,10.9938
Vercelli,45.32163,8.41989
Ventimiglia,43.78956,7.60872
Venice,45.43713,12.33265
Venaria Reale,45.12597,7.63136
Velletri,41.68573,12.77753
Vasto,42.1115,14.70649
Varese,45.82058,8.82511
Vanchiglia,45.0714,7.70421
Valenzano,41.04376,16.88491
Valenza,45.01242,8.64379
Valdagno,45.64498,11.29886
Udine,46.0693,13.23715
Triggiano,41.06549,16.92501
Trieste,45.64953,13.77678
Trezzano sul Naviglio,45.42212,9.06342
Treviso,45.66673,12.2416
Treviglio,45.52081,9.59102
Trentola-Ducenta,40.97517,14.1749
Trento,46.06787,11.12108
Trecate,45.43399,8.7364
Trani,41.27733,16.41011
Tradate,45.70843,8.90763
Tortona,44.89784,8.86374
Torremaggiore,41.68894,15.29408
Torre del Greco,40.78931,14.36806
Torre Annunziata,40.75337,14.45251
Turin,45.07049,7.68682
Tolentino,43.20918,13.28524
Todi,42.77881,12.41202
Tivoli,41.95952,12.8016
Thiene,45.7088,11.47959
Terzigno,40.804,14.49309
Terracina,41.29174,13.24359
Terni,42.56335,12.64329
Termoli,41.99994,14.99389
Terlizzi,41.12905,16.54536
Teramo,42.66123,13.69901
Taranto,40.46438,17.24707
Suzzara,44.99242,10.74407
Sulmona,42.04945,13.92578
Spoleto,42.74071,12.73899
Sora,41.71829,13.61356
Sondrio,46.16852,9.87134
Somma Vesuviana,40.87329,14.43865
Soccavo,40.8455,14.19262
Siena,43.31822,11.33064
Sezze,41.50032,13.06176
Seveso,45.6467,9.14296
Settimo Torinese,45.13925,7.77008
Sestri Levante,44.27317,9.39683
Sesto San Giovanni,45.53329,9.22585
Sesto Fiorentino,43.83193,11.19924
Seriate,45.68532,9.72487
Seregno,45.65002,9.20548
Senigallia,43.71626,13.20882
Senago,45.57562,9.1262
Segrate,45.49185,9.29812
Secondigliano,40.9,14.26667
Schio,45.71262,11.35671
Scandicci,43.75423,11.18794
Scandiano,44.5983,10.69558
Scafati,40.7602,14.53723
Savona,44.30905,8.47715
Savigliano,44.64808,7.65677
Sava,40.40203,17.55267
Sassuolo,44.5432,10.7848
Sassari,40.72586,8.55552
Sarzana,44.11178,9.9622
Saronno,45.62513,9.03517
Sarno,40.80748,14.62151
San Vito dei Normanni,40.65642,17.70814
Santeramo in Colle,40.79236,16.75873
Sant'Antonio Abate,40.72152,14.54021
Sant'Antimo,40.94223,14.23476
Sant'Anastasia,40.86842,14.40196
Santa Maria Capua Vetere,41.08156,14.25342
San Severo,41.68564,15.38148
San Sebastiano,45.65192,10.25681
San Salvo,42.04413,14.73335
Sanremo,43.81725,7.7772
Borgo San Paolo,45.06024,7.64455
San Nicandro Garganico,41.83844,15.56535
San Miniato,43.67954,10.84975
San Miniato Basso,43.69332,10.84119
San Mauro Torinese,45.10359,7.76803
San Lazzaro,44.4705,11.40851
San Giuseppe Vesuviano,40.8356,14.50487
San Giuliano Milanese,45.39402,9.29109
San Giovanni Valdarno,43.56757,11.52987
San Giovanni Rotondo,41.70643,15.7277
San Giovanni Lupatoto,45.38193,11.04474
San Giovanni in Persiceto,44.63838,11.18419
San Giovanni a Teduccio,40.83808,14.30606
San Giorgio a Cremano,40.83261,14.34162
San Donato Milanese,45.41047,9.26838
San Donà di Piave,45.63019,12.5681
San Bonifacio,45.39595,11.27352
San Benedetto del Tronto,42.9568,13.87676
Saluzzo,44.64671,7.49309
Salsomaggiore Terme,44.81592,9.98637
Salerno,40.67545,14.79328
Sacile,45.95412,12.50274
Sabaudia,41.30025,13.02815
Ruvo di Puglia,41.11758,16.48421
Rutigliano,41.00997,17.00558
Rozzano,45.38193,9.1559
Rovigo,45.06982,11.79022
Rovereto,45.8904,11.04053
Rosignano Solvay-Castiglioncello,43.38946,10.43615
Rosignano Marittimo,43.40686,10.47231
Roseto degli Abruzzi,42.67164,14.01481
Romano di Lombardia,45.52081,9.7544
Rome,41.89193,12.51133
Rocca di Papa,41.7658,12.70188
Rivoli,45.07073,7.51465
Riva del Garda,45.88577,10.84117
Rimini,44.05755,12.56528
Rieti,42.40476,12.85735
Riccione,43.99942,12.65689
Rho,45.53245,9.0402
Reggio nell'Emilia,44.69825,10.63125
Ravenna,44.41344,12.20121
Rapallo,44.3496,9.22796
Quarto Oggiaro,45.51314,9.14343
Qualiano,40.91899,14.15352
Putignano,40.85106,17.1219
Prato,43.8805,11.09699
Pozzuoli,40.84394,14.0952
Potenza,40.64175,15.80794
Posillipo,40.81279,14.20001
Porto Torres,40.83375,8.40531
Porto Sant'Elpidio,43.25297,13.7597
Porto San Giorgio,43.17784,13.79411
Portogruaro,45.78071,12.84052
Civitanova Marche,43.30491,13.72068
Portici,40.81563,14.33716
Pordenone,45.95689,12.66051
Ponticelli,40.8542,14.33038
Pontedera,43.66141,10.63067
Pompei,40.74574,14.49698
Pomigliano d'Arco,40.90975,14.38316
Pomezia,41.66931,12.50124
Poggioreale,40.86543,14.28877
Poggiomarino,40.80114,14.54066
Poggibonsi,43.47064,11.14804
Pistoia,43.93064,10.92365
Piscinola,40.89299,14.23394
Pisa,43.70853,10.4036
Piossasco,44.98802,7.4601
Piombino,42.92554,10.52585
Pioltello,45.50147,9.33053
Pinerolo,44.88534,7.33135
Pietrasanta,43.95952,10.22784
Pianura,40.85907,14.17314
Piacenza,45.05242,9.69342
Pescara,42.4584,14.20283
Pesaro,43.90921,12.9164
Perugia,43.1122,12.38878
Pavia,45.19205,9.15917
Parma,44.79935,10.32618
Parabiago,45.56034,8.94545
Palo del Colle,41.05562,16.70321
Palazzolo sull'Oglio,45.59665,9.88688
Palagiano,40.57762,17.03812
Pagani,40.74199,14.61448
Padua,45.40797,11.88586
Paderno Dugnano,45.56899,9.16483
Ottaviano,40.85193,14.47826
Ostuni,40.72913,17.57675
Osimo,43.48539,13.48222
Orta Nova,41.32879,15.70994
Orbassano,45.00547,7.53813
Olbia,40.92337,9.49802
Oderzo,45.78114,12.49442
Novi Ligure,44.76246,8.787
Novate Milanese,45.5305,9.13954
Novara,45.44694,8.62118
Nova Milanese,45.58882,9.19792
Nola,40.92606,14.52816
Noicattaro,41.03449,16.98963
Noci,40.79356,17.12681
Nocera Superiore,40.74248,14.67447
Nocera Inferiore,40.7454,14.64542
Nichelino,45.00031,7.65305
Nettuno,41.45794,12.66393
Nerviano,45.55343,8.9792
Naples,40.85216,14.26811
Mugnano di Napoli,40.90936,14.20984
Muggiò,45.58878,9.22784
Monza,45.58005,9.27246
Montichiari,45.41317,10.39799
Montevarchi,43.5252,11.57238
Montesilvano,42.5114,14.14507
Monterotondo,42.05159,12.61969
Montemurlo,43.92686,11.03718
Montecchio Maggiore-Alte Ceccato,45.50369,11.412
Montecatini-Terme,43.88153,10.7723
Montebelluna,45.77504,12.04904
Monselice,45.239,11.74984
Monopoli,40.94918,17.29717
Monfalcone,45.80463,13.53292
Mondragone,41.11399,13.89157
Mondovì,44.39603,7.81764
Moncalieri,44.9994,7.68236
Molfetta,41.20036,16.59905
Mola di Bari,41.05997,17.09001
Mogliano Veneto,45.55594,12.24294
Modugno,41.08433,16.78342
Modena,44.64783,10.92539
Mirano,45.49458,12.10775
Mirandola,44.88515,11.06902
Mira Taglio,45.4346,12.12942
Minturno,41.26294,13.74583
Nizza Millefonti,45.02691,7.66542
Milan,45.46427,9.18951
Miano,40.88816,14.25339
Mestre,45.49167,12.24538
Mesagne,40.55851,17.80774
Merano,46.66817,11.15953
Mentana,42.03539,12.64413
Melzo,45.4981,9.42043
Melito di Napoli,40.91948,14.23104
Melegnano,45.35781,9.3236
Meda,45.66121,9.15337
Matera,40.66599,16.60463
Massarosa,43.86638,10.34458
Massafra,40.58618,17.11635
Massa,44.03541,10.13927
Martina Franca,40.70355,17.33814
Marino,41.76984,12.65917
Marina di Massa,44.0038,10.10674
Marina di Carrara,44.03837,10.04142
Marigliano,40.9248,14.45612
Mariano Comense,45.69651,9.1818
Marghera,45.45111,12.22389
Marcianise,41.03064,14.29868
Marano di Napoli,40.8971,14.18824
Mantua,45.16031,10.79784
Manfredonia,41.63065,15.91876
Manduria,40.39899,17.63726
Malnate,45.79377,8.88104
Magenta,45.46456,8.88453
Maddaloni,41.03578,14.3823
Macerata,43.29789,13.45293
Lugo,44.42137,11.91094
Lucera,41.5055,15.3391
Lucca,43.84369,10.50447
Lodi,45.30989,9.50085
Livorno,43.54427,10.32615
Lissone,45.61236,9.23985
Lingotto,45.03333,7.65
Limbiate,45.59951,9.12509
Lido di Ostia,41.73212,12.27654
Lido,45.4105,12.36649
Legnano,45.59788,8.91506
Legnago,45.19365,11.30227
Lecco,45.85589,9.39704
Lecce,40.35481,18.17244
Latina,41.46614,12.9043
La Spezia,44.103,9.82375
L'Aquila,42.35055,13.39954
Lanciano,42.22718,14.39024
Lainate,45.57176,9.02681
Ladispoli,41.95068,12.075
Ivrea,45.46723,7.87617
Isernia,41.59603,14.23399
Ischia Porto,40.73913,13.951
Ischia,40.73793,13.94862
Pallanza-Intra-Suna,45.93778,8.57088
Imperia,43.88917,8.03933
Imola,44.35916,11.7132
Jesi,43.52142,13.24368
Guidonia,41.99232,12.71876
Grumo Nevano,40.93591,14.25983
Grugliasco,45.06516,7.57954
Grottaglie,40.53694,17.43723
Grottaferrata,41.78664,12.67144
Grosseto,42.76296,11.10941
Gravina in Puglia,40.81748,16.41915
Gragnano,40.68907,14.52036
Gorizia,45.94088,13.62167
Gorgonzola,45.53069,9.40531
Giussano,45.70004,9.2089
Giulianova,42.75381,13.9665
Giugliano in Campania,40.92849,14.20197
Giovinazzo,41.185,16.67054
Gioia del Colle,40.79968,16.92298
Ginosa,40.5769,16.75655
Ghedi,45.40204,10.27681
Genzano di Roma,41.70706,12.68904
Genoa,44.40478,8.94439
Garbagnate Milanese,45.57438,9.07537
Galliate,45.47942,8.69815
Gallarate,45.66019,8.79164
Gaeta,41.21408,13.57082
Fuorigrotta,40.83333,14.2
Frosinone,41.63976,13.34109
Frattaminore,40.9558,14.27201
Frattamaggiore,40.9414,14.27588
Frascati,41.8091,12.67942
Francavilla Fontana,40.53123,17.58522
Francavilla al Mare,42.42158,14.28217
Fossano,44.55077,7.71922
Fornacelle,43.92377,11.03525
Formigine,44.57268,10.84737
Formia,41.25632,13.60888
Forlì,44.22177,12.04144
Forio,40.73757,13.86003
Fondi,41.35787,13.42718
Follonica,42.92779,10.76451
Foligno,42.95488,12.70268
Foggia,41.45845,15.55188
Fiumicino,41.77093,12.23662
Florence,43.77925,11.24626
Fiorano,44.53889,10.81166
Fidenza,44.86694,10.06039
Ferrara,44.83804,11.62057
Fermo,43.16296,13.72274
Fasano,40.83625,17.36007
Fano,43.84052,13.01665
Falconara Marittima,43.62558,13.39954
Faenza,44.29007,11.87948
Fabriano,43.33941,12.90327
Este,45.22338,11.66379
Ercolano,40.80783,14.35012
Erba,45.8088,9.22609
Empoli,43.71795,10.94758
Eboli,40.61747,15.05693
Domodossola,46.1165,8.29313
Desio,45.61831,9.20249
Desenzano del Garda,45.47127,10.53559
Dalmine,45.64933,9.60617
Cusano,45.55187,9.18373
Cuneo,44.39071,7.54828
Cremona,45.13325,10.02129
Crema,45.36264,9.68176
Corsico,45.43099,9.11093
Correggio,44.76737,10.78345
Cornaredo,45.50128,9.02681
Cormano,45.54917,9.15964
Cordenons,45.9836,12.70038
Corato,41.15171,16.41143
Conversano,40.96836,17.11329
Conegliano,45.88805,12.30201
Como,45.80819,9.0832
Cologno Monzese,45.53004,9.27795
Collegno,45.07873,7.56735
Colleferro,41.72722,13.00481
Colle di Val d'Elsa,43.42107,11.12739
Civitavecchia,42.09325,11.79674
Città di Castello,43.46556,12.2375
Cisterna di Latina,41.5908,12.82808
Ciriè,45.23486,7.60125
Cinisello Balsamo,45.55823,9.21495
Ciampino,41.80064,12.60158
Chivasso,45.19093,7.88981
Chioggia,45.21857,12.27774
Chieti,42.34827,14.16494
Chieri,45.01054,7.82133
Chiavari,44.31771,9.32241
Chiari,45.53763,9.92699
Cesenatico,44.19987,12.3991
Cesena,44.1391,12.24315
Cesano Maderno,45.62915,9.15189
Cervia,44.26204,12.34812
Cerveteri,41.9908,12.09082
Cernusco sul Naviglio,45.52526,9.33297
Cerignola,41.26523,15.89559
Cercola,40.86043,14.35733
Cento,44.73099,11.28716
Ceglie Messapica,40.6462,17.51661
Cecina,43.30621,10.51729
Cava Dè Tirreni,40.69954,14.70773
Cattolica,43.96182,12.73631
Castiglione delle Stiviere,45.3902,10.48619
Castel Volturno,41.03288,13.94354
Castel Maggiore,44.57707,11.36071
Castellammare di Stabia,40.70211,14.48685
Castelfranco Veneto,45.67146,11.92755
Castelfranco Emilia,44.59445,11.04979
Cassino,41.48581,13.82835
Cassano d'Adda,45.52637,9.51528
Casoria,40.90751,14.293
Caserta,41.07262,14.33231
Cascina,43.67557,10.55494
Casamassima,40.95653,16.92075
Casalnuovo di Napoli,40.90969,14.34205
Casale Monferrato,45.13338,8.4525
Casalecchio di Reno,44.47563,11.27495
Casal di Principe,41.00996,14.13013
Carugate,45.54983,9.34044
Carrara,44.07926,10.09789
Carpi,44.78237,10.8777
Carmagnola,44.84963,7.72032
Cardito,40.94643,14.29533
Carbonara di Bari,41.06667,16.86667
Carate Brianza,45.67574,9.23723
Capua,41.10519,14.21269
Capannori,43.84171,10.57271
Cantù,45.74096,9.13084
Canosa di Puglia,41.21954,16.06768
Campobasso,41.55947,14.66737
Campi Bisenzio,43.8245,11.13027
Camaiore,43.94265,10.29754
Caivano,40.95753,14.30591
Busto Arsizio,45.61128,8.84914
Bussolengo,45.46903,10.85371
Brusciano,40.92237,14.42386
Brugherio,45.55301,9.29907
Brindisi,40.63215,17.93607
Bresso,45.53792,9.18921
Bressanone,46.71503,11.65598
Brescia,45.53558,10.21472
Bra,44.69776,7.85128
Bovisio-Masciago,45.61019,9.15301
Boscoreale,40.77274,14.48118
Borgomanero,45.69873,8.4623
Bolzano,46.49067,11.33982
Bologna,44.49381,11.33875
Bollate,45.54647,9.12054
Bitonto,41.11006,16.69086
Bisceglie,41.24264,16.50104
Biella,45.56304,8.05796
Bergamo,45.69601,9.66721
Benevento,41.1307,14.77816
Belluno,46.14262,12.2156
Battipaglia,40.60861,14.98209
Bastia umbra,43.06425,12.54612
Bassano del Grappa,45.76656,11.72739
Barra,40.84255,14.31849
Barletta,41.31429,16.28165
Bari,41.12066,16.86982
Bareggio,45.47927,8.99789
Bagnoli,40.81322,14.16807
Bacoli,40.79672,14.07349
Avezzano,42.02896,13.42641
Aversa,40.97259,14.20745
Avellino,40.91494,14.79103
Asti,44.90162,8.20751
Ascoli Piceno,42.85351,13.57395
Arzignano,45.52027,11.33446
Arzano,40.90959,14.26519
Ariccia,41.72063,12.6723
Arezzo,43.46276,11.88068
Arese,45.55048,9.07741
Ardea,41.60742,12.54158
Arcore,45.62675,9.32454
Aprilia,41.59452,12.65419
Aosta,45.73764,7.31722
Anzio,41.45263,12.62157
Angri,40.73815,14.5707
Andria,41.23117,16.29797
Ancona,43.60717,13.5103
Altamura,40.82664,16.54952
Alpignano,45.09346,7.52392
Alghero,40.55969,8.31953
Alessandria,44.90924,8.61007
Albignasego,45.34705,11.86781
Albenga,44.04997,8.21829
Albano Laziale,41.72748,12.659
Alba,44.6999,8.0347
Agropoli,40.34923,14.99067
Afragola,40.92298,14.30935
Adelfia,41.0033,16.87208
Acqui Terme,44.67552,8.46934
Acquaviva delle Fonti,40.89704,16.8433
Acilia-Castel Fusano-Ostia Antica,41.76337,12.33078
Acerra,40.94477,14.3714
Abbiategrasso,45.39821,8.91678
Abano Terme,45.35753,11.78725
Spinea-Orgnano,45.49107,12.155
Verbania,45.92136,8.55183
Lumezzane,45.64789,10.26487
Guidonia Montecelio,41.99362,12.72238
Caronno Pertusella,45.59777,9.04634
Cassano Magnago,45.67206,8.82691
San Felice A Cancello,41.01702,14.48736
San Nicola la Strada,41.05237,14.33334
Quarto,40.87822,14.14352
Orta di Atella,40.96441,14.26854
Casavatore,40.89921,14.27663
Volla,40.87363,14.34085
Cesano Boscone,45.44207,9.09445
Tor Lupara,41.99771,12.61814
Esquilino,41.89931,12.5139
Torvaianica,41.62112,12.46197
Quartiere Otto,45.48607,9.13917
Infernetto,41.73456,12.36159
Casal Palocco,41.74845,12.34726
Bellaria-Igea Marina,44.14255,12.47154
Villanova,41.96357,12.75633
Marina di Ardea-Tor San Lorenzo,41.55439,12.54115
San Paolo,41.12476,16.79258
Monterusciello,40.86874,14.08276
Romano Banco,45.42309,9.10707
Arpino,40.88882,14.32015
Paolo VI,40.52218,17.27401
Eppan,46.45853,11.25695
Stella,40.86027,14.25223
San Carlo All'Arena,40.86511,14.26291
Spinaceto,41.77861,12.44236
Crocetta,45.058,7.66562
Santa Rita,45.04593,7.64451
Mirafiori Sud,45.02125,7.62314
Cenisia,45.06885,7.65052
Pozzo Strada,45.06837,7.62503
San Donato,45.08201,7.66485
Parella,45.0801,7.62567
Madonna di Campagna,45.10306,7.66382
Lucento,45.10588,7.65563
Barriera di Milano,45.09228,7.69399
Aurora,45.0807,7.6873
San Salvario,45.05288,7.67979
Mirafiori Nord,45.04248,7.6276
Filadelfia,45.0241,7.64359
Brera,45.47154,9.18763
Adriano,45.51342,9.24871
Chinatown,45.48171,9.17522
Barriera di Lanzo,45.10981,7.65126
Porta Palazzo,45.07669,7.68371
Malafede,41.77451,12.37739
Campo di Marte,43.77693,11.27707
Chiaia,40.83255,14.22677
Chiaiano,40.88101,14.20759
Vicaria,40.86151,14.27328
San Ferdinando,40.83342,14.24751
Pendino,40.84708,14.26321
Arenella,40.85734,14.2228
Avvocata,40.85432,14.24325
Montecalvario,40.84436,14.24555
Scampia,40.90347,14.23736
San Pietro a Patierno,40.88566,14.29008
San Lorenzo,40.85686,14.26481
Monte Rosello,40.73542,8.56771
Arcella,45.42178,11.88755
Casal de' Pazzi,41.92884,12.56582
Giardinetti-Tor Vergata,41.85305,12.61853
Casal Bertone,41.89821,12.53413
Vanchiglietta,45.07357,7.71758
Circoiscrizione I,45.06639,7.6868
Circoiscrizione II,45.05013,7.64052
Circoiscrizione III,45.06279,7.63071
Circoiscrizione IV,45.08125,7.63188
Circoiscrizione V,45.10147,7.65538
Circoiscrizione VI,45.1022,7.70029
Circoiscrizione VII,45.07824,7.69718
Circoiscrizione VIII,45.03789,7.67174
Polo Nord,45.0548,7.64948
Centro,45.07119,7.68376
Chieti Scalo,42.35904,14.13867
Saint Helier,49.18804,-2.10491
Vaduz,47.14151,9.52154
Luxembourg,49.60982,6.13268
Esch-sur-Alzette,49.49583,5.98056
Dudelange,49.48056,6.0875
Monte-Carlo,43.73976,7.42732
Monaco,43.73718,7.42145
Zwolle,52.5125,6.09444
Zwijndrecht,51.8175,4.63333
Zutphen,52.13833,6.20139
Zoetermeer,52.0575,4.49306
Zevenaar,51.93,6.07083
Zeist,52.09,5.23333
Zeewolde,52.33,5.54167
Zandvoort,52.37125,4.53306
Zaltbommel,51.81,5.24444
Zaanstad,52.45313,4.81356
Zaandam,52.43854,4.82643
Woerden,52.085,4.88333
Wisch,51.92648,6.41705
Winterswijk,51.9725,6.71944
Winschoten,53.14417,7.03472
Wijk bij Duurstede,51.97417,5.34167
Wijchen,51.80917,5.725
Wierden,52.35917,6.59306
Weesp,52.3075,5.04167
Weert,51.25167,5.70694
Wassenaar,52.14583,4.40278
Wageningen,51.97,5.66667
Waddinxveen,52.045,4.65139
Waalwijk,51.6825,5.07083
Vught,51.65333,5.2875
Voorschoten,52.1275,4.44861
Voorburg,52.07417,4.35972
Volendam,52.495,5.07083
Vlissingen,51.4425,3.57361
Vlaardingen,51.9125,4.34167
Vianen,51.9925,5.09167
Venray,51.525,5.975
Venlo,51.37,6.16806
Velsen-Zuid,52.46,4.65
Velp,51.995,5.97361
Veghel,51.61667,5.54861
Veenendaal,52.02863,5.55891
Veendam,53.10667,6.87917
Valkenswaard,51.35083,5.45972
Utrecht,52.09083,5.12222
Urk,52.6625,5.60139
Uithoorn,52.2375,4.82639
Uden,51.66083,5.61944
Tubbergen,52.4075,6.78472
Tongelre,51.44889,5.51978
Tilburg,51.55551,5.0913
Tiel,51.88667,5.42917
Terneuzen,51.33583,3.82778
Tegelen,51.34417,6.13611
Steenwijk,52.7875,6.12083
Steenbergen,51.58417,4.31944
Staphorst,52.645,6.21111
Stadskanaal,52.98947,6.9504
Spijkenisse,51.845,4.32917
Soest,52.17333,5.29167
Sneek,53.03297,5.6589
Sliedrecht,51.82083,4.77639
Sittard,50.99833,5.86944
Sint-Oedenrode,51.5675,5.45972
's-Hertogenbosch,51.69917,5.30417
's-Gravenzande,52.00167,4.16528
The Hague,52.07667,4.29861
Schijndel,51.6225,5.43194
Schiedam,51.91917,4.38889
Schiebroek,51.95838,4.47124
Scheveningen,52.10461,4.27557
Schagen,52.7875,4.79861
Sassenheim,52.225,4.52222
Rotterdam,51.9225,4.47917
Roosendaal,51.53083,4.46528
Roermond,51.19417,5.9875
Rijswijk,52.03634,4.32501
Rijssen,52.30667,6.51806
Rijen,51.59083,4.91944
Ridderkerk,51.8725,4.60278
Rhoon,51.8575,4.42222
Rhenen,51.95917,5.56806
Raalte,52.38583,6.275
Putten,52.25917,5.60694
Purmerend,52.505,4.95972
Pijnacker,52.01954,4.42946
Papendrecht,51.83167,4.6875
Oud-Beijerland,51.82417,4.4125
Oss,51.765,5.51806
Oosterhout,51.645,4.85972
Ommoord,51.95951,4.54533
Oldenzaal,52.31333,6.92917
Oisterwijk,51.57917,5.18889
Oegstgeest,52.18,4.46944
Nunspeet,52.37917,5.78611
Nuenen,51.47,5.55278
Nootdorp,52.045,4.39583
Noordwijk-Binnen,52.234,4.44474
Nijverdal,52.36,6.46806
Nijmegen,51.8425,5.85278
Nijkerk,52.22,5.48611
Nieuw-Vennep,52.26417,4.63056
Nieuwegein,52.02917,5.08056
Naarden,52.29583,5.1625
Naaldwijk,51.99417,4.20972
Mijdrecht,52.20667,4.8625
Middelharnis,51.7575,4.16528
Middelburg,51.5,3.61389
Merenwijk,52.17655,4.50885
Meppel,52.69583,6.19444
Medemblik,52.77167,5.10556
Maastricht,50.84833,5.68889
Maassluis,51.92333,4.25
Maarssen,52.13917,5.04167
Losser,52.26083,7.00417
Loon op Zand,51.6275,5.075
Lisse,52.26,4.55694
Lindenholt,51.8327,5.7934
Lichtenvoorde,51.98667,6.56667
Leusden,52.1325,5.43194
Lelystad,52.50833,5.475
Leiderdorp,52.15833,4.52917
Leiden,52.15833,4.49306
Leeuwarden,53.20271,5.80973
Leerdam,51.89333,5.09167
Leek,53.1625,6.37639
Krimpen aan den IJssel,51.91667,4.60278
Korrewegwijk,53.23235,6.56804
Kerkrade,50.86583,6.0625
Katwijk aan Zee,52.20333,4.39861
Kampen,52.555,5.91111
Julianadorp,52.89,4.74028
IJsselstein,52.02,5.04306
IJmuiden,52.4603,4.61048
Huizen,52.29917,5.24167
Huissen,51.93833,5.93333
Hoorn,52.6425,5.05972
Hoogvliet,51.86333,4.3625
Hoogezand,53.16167,6.76111
Hoogeveen,52.7225,6.47639
Hoofddorp,52.3025,4.68889
Hoge Vucht,51.60794,4.7915
Hoensbroek,50.92387,5.92528
Hilversum,52.22333,5.17639
Hillegom,52.29083,4.58333
Hengelo,52.26583,6.79306
Hendrik-Ido-Ambacht,51.84417,4.63889
Helmond,51.48167,5.66111
Hellevoetsluis,51.83333,4.13333
Heiloo,52.60252,4.68815
Heerlen,50.88365,5.98154
Heerhugowaard,52.67144,4.84862
Heerenveen,52.95929,5.91854
Heemstede,52.34992,4.62301
Heemskerk,52.51108,4.67165
Harlingen,53.17477,5.42244
Harderwijk,52.34167,5.62083
Hardenberg,52.57583,6.61944
Haarlem,52.38084,4.63683
Haaksbergen,52.15667,6.73889
Groot IJsselmonde,51.88264,4.54937
Groningen,53.21917,6.56667
Groesbeek,51.77667,5.93611
Gouda,52.01667,4.70833
Gorinchem,51.83652,4.97243
Goirle,51.52083,5.06667
Goes,51.50417,3.88889
Glanerbrug,52.21583,6.97083
Gennep,51.69833,5.97361
Gemert,51.55583,5.69028
Geleen,50.97417,5.82917
Geldrop,51.42167,5.55972
Geldermalsen,51.88083,5.28889
Geertruidenberg,51.70167,4.85694
Epe,52.3475,5.98333
Enschede,52.21833,6.89583
Enkhuizen,52.70333,5.29167
Emmen,52.77917,6.90694
Emmeloord,52.71083,5.74861
Elst,51.91917,5.84167
Elburg,52.4475,5.84306
Eindhoven,51.44083,5.47778
Eibergen,52.1,6.64861
Eersel,51.3575,5.31806
Ede,52.03333,5.65833
Duiven,51.94667,6.01389
Dronten,52.525,5.71806
Driebergen-Rijsenburg,52.05333,5.28056
Drachten,53.11254,6.0989
Dordrecht,51.81,4.67361
Dongen,51.62667,4.93889
Doetinchem,51.965,6.28889
Diemen,52.33964,4.96256
Didam,51.94083,6.13194
Deventer,52.255,6.16389
Den Helder,52.95988,4.75933
De Meern,52.08167,5.03611
Delfzijl,53.33,6.91806
Delft,52.00667,4.35556
Dalfsen,52.51167,6.25694
Culemborg,51.955,5.22778
Cranendonck,51.30417,5.58889
Castricum,52.54833,4.66944
Capelle aan den IJssel,51.92917,4.57778
Bussum,52.27333,5.16111
Brunssum,50.94667,5.97083
Brummen,52.09,6.15556
Breda,51.58656,4.77596
Boxtel,51.59083,5.32917
Boskoop,52.075,4.65556
Borssele,51.42333,3.73472
Borne,52.30136,6.7482
Bodegraven,52.0825,4.75
Blerick,51.37167,6.14861
Bilthoven,52.13,5.20139
Beverwijk,52.48333,4.65694
Beuningen,51.86083,5.76667
Best,51.5075,5.39028
Bergschenhoek,51.99,4.49861
Bergeijk,51.31917,5.35833
Bergen op Zoom,51.495,4.29167
Bergen,52.66917,4.70417
Benthuizen,52.0775,4.54444
Bennekom,51.99833,5.67639
Barneveld,52.14,5.58472
Barendrecht,51.85667,4.53472
Badhoevedorp,52.33723,4.78523
Baarn,52.21167,5.2875
Assendelft,52.46833,4.74306
Assen,52.99667,6.5625
Arnhem,51.98,5.91111
Apeldoorn,52.21,5.96944
Amsterdam,52.37403,4.88969
Amstelveen,52.30083,4.86389
Amersfoort,52.155,5.3875
Alphen aan den Rijn,52.12917,4.65546
Almere Stad,52.37025,5.21413
Almelo,52.35667,6.6625
Alkmaar,52.63167,4.74861
Alblasserdam,51.86583,4.66111
Aalten,51.925,6.58056
Aalsmeer,52.25917,4.75972
Amsterdam-Zuidoost,52.3075,4.97222
Berkel en Rodenrijs,51.99313,4.47865
Ypenburg,52.04098,4.36981
Velserbroek,52.43283,4.66155
Maaspoort,51.72611,5.30194
Leidsche Rijn,52.09497,5.04613
Tønsberg,59.26754,10.40762
Time,58.73333,5.7
Stavanger,58.97005,5.73332
Sola,58.88854,5.65285
Skien,59.20962,9.60897
Sarpsborg,59.28391,11.10962
Sandnes,58.85244,5.73521
Sandefjord,59.13118,10.21665
Porsgrunn,59.14054,9.6561
Oslo,59.91273,10.74609
Nesttun,60.31821,5.35317
Moss,59.43403,10.65771
Lillestrøm,59.95597,11.04918
Lillehammer,61.11514,10.46628
Larvik,59.05328,10.03517
Kristiansand,58.14671,7.9956
Kongsberg,59.66858,9.65017
Horten,59.41721,10.48343
Haugesund,59.41378,5.268
Hamar,60.7945,11.06798
Halden,59.12478,11.38754
Grimstad,58.3405,8.59343
Gjøvik,60.79574,10.69155
Fredrikstad,59.2181,10.9298
Drammen,59.74389,10.20449
Bergen,60.39299,5.32415
Asker,59.83333,10.43721
Arendal,58.46151,8.77253
Ytrebygda,60.30504,5.28236
Złotów,53.36346,17.04082
Złotoryja,51.12637,15.91979
Zielona Góra,51.93548,15.50643
Zgorzelec,51.14942,15.00835
Żary,51.64205,15.13727
Żagań,51.61759,15.31486
Ząbkowice Śląskie,50.58969,16.81239
Września,52.32512,17.56519
Wrocław,51.10286,17.03006
Wejherowo,54.60568,18.23559
Wałcz,53.27787,16.47122
Wałbrzych,50.77141,16.28432
Wągrowiec,52.80842,17.19961
Ustka,54.58048,16.86194
Trzcianka,53.04063,16.45629
Szczecinek,53.70791,16.69937
Szczecin,53.42894,14.55302
Szamotuły,52.61201,16.57794
Świnoujście,53.91053,14.24712
Świebodzin,52.24751,15.53355
Świebodzice,50.85974,16.31966
Świdwin,53.77464,15.77671
Świdnica,50.84378,16.48859
Swarzędz,52.41289,17.08503
Sulechów,52.08362,15.62513
Strzegom,50.96264,16.35006
Stargard,53.33672,15.0499
Środa Wielkopolska,52.22843,17.27617
Śrem,52.08868,17.01508
Solec Kujawski,53.08371,18.22572
Słupsk,54.46405,17.02872
Słubice,52.35088,14.56065
Rawicz,51.60946,16.85852
Racibórz,50.09195,18.21928
Prudnik,50.32124,17.57461
Poznań,52.40692,16.92993
Polkowice,51.50391,16.07261
Police,53.55214,14.57182
Pleszew,51.89636,17.78549
Piła,53.15145,16.73782
Ostrów Wielkopolski,51.65501,17.80686
Opole,50.67119,17.92604
Oleśnica,51.21338,17.38986
Oława,50.9466,17.2926
Oborniki,52.64739,16.81406
Nysa,50.47379,17.33437
Nowy Tomyśl,52.3195,16.12844
Nowogard,53.67437,15.1163
Nowa Sól,51.80333,15.71702
Nowa Ruda,50.58008,16.50164
Namysłów,51.07592,17.72284
Nakło nad Notecią,53.14214,17.60181
Międzyrzecz,52.44461,15.57801
Luboń,52.34705,16.89267
Lubin,51.40089,16.20149
Lubań,51.12014,15.28768
Leszno,51.84034,16.57494
Legnica,51.21006,16.1619
Lębork,54.53921,17.75012
Krotoszyn,51.69868,17.43738
Krapkowice,50.47515,17.96539
Koszalin,54.19438,16.17222
Kostrzyn nad Odrą,52.58713,14.64953
Kościerzyna,54.12226,17.98119
Kościan,52.08829,16.64866
Konin,52.22338,18.25121
Kołobrzeg,54.17565,15.58342
Kluczbork,50.97281,18.21816
Kłodzko,50.43488,16.66145
Kędzierzyn-Koźle,50.34984,18.22606
Kartuzy,54.33424,18.19735
Kamienna Góra,50.78314,16.03037
Kalisz,51.76109,18.09102
Jelenia Góra,50.89973,15.72899
Jelcz,51.02102,17.32095
Jawor,51.05132,16.19347
Jarocin,51.97266,17.50256
Inowrocław,52.79886,18.26387
Gubin,51.94956,14.72837
Gryfino,53.25243,14.48831
Gryfice,53.9165,15.20027
Gostyń,51.88247,17.01225
Gorzów Wielkopolski,52.73371,15.22505
Goleniów,53.56392,14.82854
Gniezno,52.53481,17.58259
Głuchołazy,50.31505,17.38355
Głogów,51.66361,16.0845
Fordon,53.14821,18.17036
Dzierżoniów,50.7282,16.65141
Choszczno,53.16905,15.42054
Chojnice,53.69554,17.55701
Chodzież,52.99505,16.9198
Bytów,54.17057,17.49187
Bydgoszcz,53.1235,18.00762
Brzeg,50.86079,17.4674
Bolesławiec,51.26418,15.5697
Boguszów-Gorce,50.75514,16.20494
Bogatynia,50.90747,14.95634
Bielawa,50.69075,16.623
Białogard,54.00696,15.98751
Jelcz Laskowice,51.02134,17.31649
Gajowice,51.09627,17.00195
Gądów-Popowice Południowe,51.1272,16.97027
Pilczyce-Kozanów-Popowice Północne,51.13092,16.97654
Gaj,51.08006,17.04018
Huby,51.08928,17.04113
Krzyki-Partynice,51.06413,17.00186
Osiedle Powstańców Śląskich,51.09289,17.02061
Przedmieście Oławskie,51.10209,17.04829
Karłowice-Różanka,51.13675,17.04323
Psie Pole Zawidawie,51.14756,17.11438
Szczepin,51.11614,17.01018
Biskupin-Sępolno-Dąbie-Bartoszowice,51.10833,17.09134
Nadodrze,51.12541,17.0307
Ołbin,51.12132,17.05303
Drzetowo-Grabowo,53.44888,14.5792
Świerczewo,53.4273,14.51303
Osiedle Kosmonautów,51.12753,16.96186
Rejon placu Grunwaldzkiego,51.11669,17.06126
Rejon ulicy Traugutta,51.10247,17.04827
Kozanów,51.14447,16.96937
Rejon placu Świętego Macieja,51.12056,17.03761
Różanka-Polanka,51.14344,17.01987
Śródmieście,51.11316,17.08145
Psie Pole,51.14595,17.03519
Viseu,40.66165,-7.90905
Vila Real,41.3001,-7.7432
Vilar de Andorinho,41.10574,-8.58622
Vilar,40.62731,-8.63225
Vila Nova de Gaia,41.12401,-8.61241
Vila do Conde,41.35326,-8.74516
Viana do Castelo,41.69323,-8.83287
Vermoim,41.24315,-8.60651
Valongo,41.18883,-8.49857
Valadares,41.09294,-8.63219
Trofa,41.33729,-8.5596
Sequeira,40.55364,-7.22594
Senhora da Hora,41.18641,-8.65172
São Tiago de Custoias,41.2,-8.63333
São Pedro da Cova,41.14331,-8.50033
São Mamede de Infesta,41.19183,-8.61105
São João da Madeira,40.9007,-8.4902
Santo Ovídio,41.11379,-8.60235
Rio Tinto,41.17872,-8.55953
Póvoa de Varzim,41.38344,-8.76364
Porto,41.1485,-8.61097
Ponte de Lima,41.76719,-8.58393
Pedroso,41.41103,-8.74897
Paredes,41.20485,-8.33147
Paranhos,41.17289,-8.59931
Ovar,40.85862,-8.62513
Oliveira do Douro,41.12466,-8.58463
Monção,42.07892,-8.48076
Matosinhos,41.18207,-8.68908
Maia,41.23574,-8.6199
Lordelo do Ouro,41.15059,-8.64845
Leça do Bailio,41.21201,-8.63422
Leça da Palmeira,41.191,-8.70027
Ílhavo,40.60188,-8.67021
Guimarães,41.44443,-8.29619
Guarda,40.53754,-7.26631
Gondomar,41.14454,-8.53223
Felgueiras,41.36806,-8.19396
Feira,40.92535,-8.54277
Fânzeres,41.16754,-8.52981
Fafe,41.45083,-8.17258
Esposende,41.5361,-8.78201
Espinho,41.00763,-8.64125
Ermesinde,41.21653,-8.55318
Custoias,41.1053,-7.32097
Chaves,41.74019,-7.46879
Canidelo,41.12314,-8.64654
Campanhã,41.15706,-8.57466
Cabeceiras de Basto,41.51431,-7.98942
Bragança,41.80716,-6.75898
Braga,41.5514,-8.42311
Bougado,41.33979,-8.5518
Bomfim,41.15417,-8.58688
Barcelos,41.53174,-8.61843
Bairro Novo,41.54317,-8.40725
Baião,41.16273,-8.0347
Baguim do Monte,41.19203,-8.54118
Aveiro,40.64575,-8.64643
Arouca,40.93057,-8.24488
Arcos de Valdevez,41.84668,-8.41905
Alfena,41.23671,-8.52454
Aldoar,41.1671,-8.6691
Águas Santas,41.21017,-8.57599
Afurada de Baixo,41.14389,-8.64639
Ystad,55.42966,13.82041
Växjö,56.87767,14.80906
Västra Frölunda,57.64667,11.92944
Västervik,57.7584,16.63733
Västerås,59.61617,16.55276
Vasastaden,59.35,18.03333
Värnamo,57.18604,14.04001
Varberg,57.10557,12.25078
Vänersborg,58.38075,12.3234
Vallentuna,59.53436,18.07758
Uppsala,59.85882,17.63889
Upplands Väsby,59.51839,17.91128
Uddevalla,58.34784,11.9424
Tumba,59.19858,17.83317
Tullinge,59.2,17.9
Trollhättan,58.28365,12.28864
Trelleborg,55.37514,13.15691
Trångsund,59.23333,18.13333
Täby,59.4439,18.06872
Sundbyberg,59.36128,17.97114
Stockholm,59.32938,18.06871
Staffanstorp,55.64277,13.20638
Solna,59.36004,18.00086
Sollentuna,59.42804,17.95093
Södertälje,59.19554,17.62525
Södermalm,59.31278,18.07577
Skövde,58.39118,13.84506
Sandviken,60.61667,16.76667
Rinkeby,59.38708,17.92754
Råsunda,59.36588,17.99569
Partille,57.7395,12.10642
Östermalm,59.33879,18.08487
Oskarshamn,57.26455,16.44837
Örebro,59.27412,15.2066
Nyköping,58.753,17.00788
Norrköping,58.59419,16.1826
Nässjö,57.65307,14.69676
Nacka,59.31053,18.16372
Motala,58.53706,15.03649
Mölnlycke,57.65893,12.11792
Mölndal,57.6554,12.01378
Märsta,59.62157,17.85476
Mariestad,58.70971,13.82367
Malmö,55.60587,13.00073
Lund,55.70584,13.19321
Ludvika,60.14959,15.18776
Ljungby,56.83324,13.94082
Linköping,58.41086,15.62157
Limhamn,55.58333,12.95
Lidköping,58.50517,13.15765
Lidingö,59.36667,18.13333
Lerum,57.77051,12.26904
Landskrona,55.8708,12.83016
Kungsholmen,59.33183,18.04118
Kungsbacka,57.48719,12.07612
Kungälv,57.87096,11.98054
Kumla,59.1277,15.14341
Kristinehamn,59.30978,14.10808
Kristianstad,56.03129,14.15242
Köping,59.51404,15.99255
Kinna,57.50728,12.69463
Katrineholm,58.99587,16.20721
Karlstad,59.3793,13.50357
Karlskrona,56.16156,15.58661
Karlskoga,59.32667,14.52386
Karlshamn,56.1706,14.86188
Kalmar,56.66157,16.36163
Jönköping,57.78145,14.15618
Jakobsberg,59.42268,17.83508
Huskvarna,57.78596,14.30214
Hudiksvall,61.72744,17.10558
Huddinge,59.23705,17.98192
Helsingborg,56.04673,12.69437
Hässleholm,56.15905,13.76638
Hässelby Villastad,59.38,17.80867
Haninge,59.16775,18.14478
Halmstad,56.67446,12.85676
Gothenburg,57.70716,11.96679
Gävle,60.67452,17.14174
Gamla Uppsala,59.89817,17.63386
Falun,60.60357,15.62597
Falköping,58.17347,13.55068
Falkenberg,56.90552,12.49118
Eslöv,55.83928,13.30393
Eskilstuna,59.36661,16.5077
Enköping,59.63607,17.07768
Danderyd,59.40398,18.02376
Bromma,59.34,17.94
Borlänge,60.4858,15.43714
Borås,57.72101,12.9401
Boo,59.33333,18.28333
Björlanda,57.76667,11.83333
Årsta,59.2978,18.0514
Ängelholm,56.2428,12.86219
Alingsås,57.93033,12.53345
Majorna,57.69195,11.91605
Tensta,59.3939,17.90111
Trbovlje,46.1541,15.05178
Velenje,46.35719,15.11277
Ptuj,46.42005,15.87018
Novo Mesto,45.80397,15.16886
Maribor,46.55583,15.64593
Ljubljana,46.05108,14.50513
Kranj,46.23887,14.35561
Koper,45.5482,13.72963
Celje,46.23092,15.26044
Vrakuňa,48.1383,17.20866
Trnava,48.37773,17.58603
Trenčín,48.89452,18.04436
Topoľčany,48.56361,18.16712
Staré Mesto,48.15039,17.09002
Skalica,48.8449,17.22635
Sereď,48.29117,17.73331
Senica,48.67922,17.36697
Senec,48.21951,17.40043
Šaľa,48.15127,17.88062
Podunajské Biskupice,48.13246,17.20963
Piešťany,48.59479,17.82591
Pezinok,48.28986,17.26664
Petržalka,48.12331,17.12866
Nové Zámky,47.98544,18.16195
Nové Mesto nad Váhom,48.75763,17.8309
Nitra,48.30763,18.08453
Malacky,48.43604,17.02188
Komárno,47.76356,18.12263
Karlova Ves,48.15344,17.05522
Hlohovec,48.43174,17.8031
Galanta,48.19001,17.72747
Dunajská Streda,47.99268,17.61211
Dúbravka,48.18872,17.03521
Dubnica nad Váhom,48.95981,18.16634
Bratislava,48.14816,17.10674
Bánovce nad Bebravou,48.7213,18.25754
Devínska Nová Ves,48.20711,16.9786
Dlhé diely,48.15454,17.04607
San Marino,43.93667,12.44639
Vatican City,41.90268,12.45414
